{"type":"FeatureCollection","features":[{"type":"Feature","geometry":{"type":"Point","coordinates":[106.703882,10.770664]},"properties":{"id":"6c47968c-6816-4fe7-b9e5-183ffbe9b9a3","title":"Đi bão","description":"","category":"Play & Leisure","audioUrl":"https://s3.us-west-004.backblazeb2.com/saigon-soundscape-audio/recordings/6c47968c-6816-4fe7-b9e5-183ffbe9b9a3_10.770664_106.703882.mp3","imageUrl":"https://s3.us-west-004.backblazeb2.com/saigon-soundscape-audio/images/6c47968c-6816-4fe7-b9e5-183ffbe9b9a3_10.770664_106.703882.jpg","duration":46.9,"createdAt":"2026-08-22T15:39:55.211Z"}},{"type":"Feature","geometry":{"type":"Point","coordinates":[106.703805,10.770683]},"properties":{"id":"6aabfbef-162c-4934-8469-2bc4696eb0e6","title":"Đi bão","description":"","category":"Play & Leisure","audioUrl":"https://s3.us-west-004.backblazeb2.com/saigon-soundscape-audio/recordings/6aabfbef-162c-4934-8469-2bc4696eb0e6_10.770683_106.703805.mp3","imageUrl":"https://s3.us-west-004.backblazeb2.com/saigon-soundscape-audio/images/6aabfbef-162c-4934-8469-2bc4696eb0e6_10.770683_106.703805.jpg","duration":72.2,"createdAt":"2026-08-22T15:23:49.583Z"}},{"type":"Feature","geometry":{"type":"Point","coordinates":[106.703805,10.770683]},"properties":{"id":"52ee4de6-0deb-40bf-b590-8b975ee1a3e3","title":"Đi bão","description":"","category":"Play & Leisure","audioUrl":"https://s3.us-west-004.backblazeb2.com/saigon-soundscape-audio/recordings/52ee4de6-0deb-40bf-b590-8b975ee1a3e3_10.770683_106.703805.mp3","imageUrl":"","duration":72.2,"createdAt":"2026-08-22T15:22:40.417Z"}},{"type":"Feature","geometry":{"type":"Point","coordinates":[106.703724,10.770514]},"properties":{"id":"e695a135-036c-4119-8eb9-f861e04f9306","title":"Music Linh Cafe 2","description":"","category":"Music","audioUrl":"https://s3.us-west-004.backblazeb2.com/saigon-soundscape-audio/recordings/e695a135-036c-4119-8eb9-f861e04f9306_10.770514_106.703724.mp3","imageUrl":"https://s3.us-west-004.backblazeb2.com/saigon-soundscape-audio/images/e695a135-036c-4119-8eb9-f861e04f9306_10.770514_106.703724.jpg","duration":82.4,"createdAt":"2026-08-22T14:56:45.034Z"}},{"type":"Feature","geometry":{"type":"Point","coordinates":[106.680604,10.758673]},"properties":{"id":"8245aa31-9ff6-4860-9e35-2618998a879e","title":"Com Tấm 44","description":"","category":"Food & Drink","audioUrl":"https://s3.us-west-004.backblazeb2.com/saigon-soundscape-audio/recordings/8245aa31-9ff6-4860-9e35-2618998a879e_10.758673_106.680604.mp3","imageUrl":"https://s3.us-west-004.backblazeb2.com/saigon-soundscape-audio/images/8245aa31-9ff6-4860-9e35-2618998a879e_10.758673_106.680604.jpg","duration":61.6,"createdAt":"2026-08-22T14:19:54.315Z"}},{"type":"Feature","geometry":{"type":"Point","coordinates":[106.703604,10.770611]},"properties":{"id":"3eba40cf-02bb-47eb-ac48-0f7308b59520","title":"Music Linh Cafe","description":"","category":"Music","audioUrl":"https://s3.us-west-004.backblazeb2.com/saigon-soundscape-audio/recordings/3eba40cf-02bb-47eb-ac48-0f7308b59520_10.770611_106.703604.mp3","imageUrl":"https://s3.us-west-004.backblazeb2.com/saigon-soundscape-audio/images/3eba40cf-02bb-47eb-ac48-0f7308b59520_10.770611_106.703604.jpg","duration":53.7,"createdAt":"2026-08-21T12:55:16.748Z"}},{"type":"Feature","geometry":{"type":"Point","coordinates":[9.013511,38.990132]},"properties":{"id":"296f833e-c9b0-4039-9ab6-b66a4658cce3","title":"Spiaggia","description":"","category":"Play & Leisure","audioUrl":"https://s3.us-west-004.backblazeb2.com/saigon-soundscape-audio/recordings/296f833e-c9b0-4039-9ab6-b66a4658cce3_38.990132_9.013511.mp3","imageUrl":"https://s3.us-west-004.backblazeb2.com/saigon-soundscape-audio/images/296f833e-c9b0-4039-9ab6-b66a4658cce3_38.990132_9.013511.jpg","duration":81.7,"createdAt":"2026-08-18T16:49:28.728Z"}},{"type":"Feature","geometry":{"type":"Point","coordinates":[9.012757,38.990034]},"properties":{"id":"63ae2289-b80e-41bf-b41b-6e1e929e0cd6","title":"Nora2026","description":"","category":"Background","audioUrl":"https://s3.us-west-004.backblazeb2.com/saigon-soundscape-audio/recordings/63ae2289-b80e-41bf-b41b-6e1e929e0cd6_38.990034_9.012757.mp3","imageUrl":"https://s3.us-west-004.backblazeb2.com/saigon-soundscape-audio/images/63ae2289-b80e-41bf-b41b-6e1e929e0cd6_38.990034_9.012757.jpg","duration":51.2,"createdAt":"2026-08-18T15:12:30.653Z"}},{"type":"Feature","geometry":{"type":"Point","coordinates":[106.688671,10.753847]},"properties":{"id":"a4ab9076-11f9-4cc8-921a-fe31f2277be2","title":"Geese","description":"","category":"Nature","audioUrl":"https://s3.us-west-004.backblazeb2.com/saigon-soundscape-audio/recordings/a4ab9076-11f9-4cc8-921a-fe31f2277be2_10.753847_106.688671.mp3","imageUrl":"","duration":44.6,"createdAt":"2026-08-18T06:03:14.009Z"}},{"type":"Feature","geometry":{"type":"Point","coordinates":[103.837046,22.302068]},"properties":{"id":"0f692975-9f84-476a-bec4-55739f26734e","title":"Waterfall","description":"","category":"Nature","audioUrl":"https://s3.us-west-004.backblazeb2.com/saigon-soundscape-audio/recordings/0f692975-9f84-476a-bec4-55739f26734e_22.302068_103.837046.mp3","imageUrl":"https://s3.us-west-004.backblazeb2.com/saigon-soundscape-audio/images/0f692975-9f84-476a-bec4-55739f26734e_22.302068_103.837046.jpg","duration":21,"createdAt":"2026-08-17T06:01:17.921Z"}},{"type":"Feature","geometry":{"type":"Point","coordinates":[106.717354,10.817116]},"properties":{"id":"1941f1f3-ce4d-40d4-a396-8b921a028159","title":"Tiếng nổ máy","description":"","category":"Vehicles","audioUrl":"https://s3.us-west-004.backblazeb2.com/saigon-soundscape-audio/recordings/1941f1f3-ce4d-40d4-a396-8b921a028159_10.817116_106.717354.mp3","imageUrl":"","duration":32.1,"createdAt":"2026-08-17T04:45:40.562Z"}},{"type":"Feature","geometry":{"type":"Point","coordinates":[106.716946,10.816862]},"properties":{"id":"c3a028bb-c677-4d87-b2dc-55983f1425c1","title":"Anonymous ladies talking","description":"","category":"Conversations","audioUrl":"https://s3.us-west-004.backblazeb2.com/saigon-soundscape-audio/recordings/c3a028bb-c677-4d87-b2dc-55983f1425c1_10.816862_106.716946.mp3","imageUrl":"https://s3.us-west-004.backblazeb2.com/saigon-soundscape-audio/images/c3a028bb-c677-4d87-b2dc-55983f1425c1_10.816862_106.716946.jpg","duration":28.5,"createdAt":"2026-08-17T04:43:44.781Z"}},{"type":"Feature","geometry":{"type":"Point","coordinates":[106.716413,10.819478]},"properties":{"id":"cde19231-85d8-4d8b-abc8-ab1f1d199946","title":"Ship arrives","description":"chatty sound when the ship arrives at the gate","category":"Waterways","audioUrl":"https://s3.us-west-004.backblazeb2.com/saigon-soundscape-audio/recordings/cde19231-85d8-4d8b-abc8-ab1f1d199946_10.819478_106.716413.mp3","imageUrl":"","duration":50,"createdAt":"2026-08-17T04:40:51.481Z"}},{"type":"Feature","geometry":{"type":"Point","coordinates":[106.716396,10.819273]},"properties":{"id":"5439a594-192e-445a-8d56-2ce4ca87b29f","title":"People walking on steel platform and bolero music behind","description":"","category":"Play & Leisure","audioUrl":"https://s3.us-west-004.backblazeb2.com/saigon-soundscape-audio/recordings/5439a594-192e-445a-8d56-2ce4ca87b29f_10.819273_106.716396.mp3","imageUrl":"","duration":54.8,"createdAt":"2026-08-17T04:40:29.646Z"}},{"type":"Feature","geometry":{"type":"Point","coordinates":[106.716561,10.819345]},"properties":{"id":"70039229-1d83-41cf-8e1f-8baddd2f23e4","title":"Saigon waterbus notification","description":"","category":"Announcements & Signals","audioUrl":"https://s3.us-west-004.backblazeb2.com/saigon-soundscape-audio/recordings/70039229-1d83-41cf-8e1f-8baddd2f23e4_10.819345_106.716561.mp3","imageUrl":"","duration":28.9,"createdAt":"2026-08-17T04:38:41.264Z"}},{"type":"Feature","geometry":{"type":"Point","coordinates":[106.714804,10.817832]},"properties":{"id":"4768cdec-53ac-4a61-8c5a-c9a1d0b9b1b2","title":"Ice delivery","description":"","category":"Work","audioUrl":"https://s3.us-west-004.backblazeb2.com/saigon-soundscape-audio/recordings/4768cdec-53ac-4a61-8c5a-c9a1d0b9b1b2_10.817832_106.714804.mp3","imageUrl":"https://s3.us-west-004.backblazeb2.com/saigon-soundscape-audio/images/4768cdec-53ac-4a61-8c5a-c9a1d0b9b1b2_10.817832_106.714804.jpg","duration":15.5,"createdAt":"2026-08-17T04:38:19.209Z"}},{"type":"Feature","geometry":{"type":"Point","coordinates":[106.717676,10.817495]},"properties":{"id":"fbfa1bda-bc9b-494c-8df4-728016682787","title":"car washing machine","description":"","category":"Infrastructure & Utilities","audioUrl":"https://s3.us-west-004.backblazeb2.com/saigon-soundscape-audio/recordings/fbfa1bda-bc9b-494c-8df4-728016682787_10.817495_106.717676.mp3","imageUrl":"","duration":14.9,"createdAt":"2026-08-17T04:35:37.803Z"}},{"type":"Feature","geometry":{"type":"Point","coordinates":[106.716183,10.817092]},"properties":{"id":"47df31c6-324e-4ce2-b565-f723617ba12e","title":"apartments","description":"","category":"Home","audioUrl":"https://s3.us-west-004.backblazeb2.com/saigon-soundscape-audio/recordings/47df31c6-324e-4ce2-b565-f723617ba12e_10.817092_106.716183.mp3","imageUrl":"https://s3.us-west-004.backblazeb2.com/saigon-soundscape-audio/images/47df31c6-324e-4ce2-b565-f723617ba12e_10.817092_106.716183.jpg","duration":17.3,"createdAt":"2026-08-17T04:33:55.822Z"}},{"type":"Feature","geometry":{"type":"Point","coordinates":[106.715321,10.818587]},"properties":{"id":"4149a763-d016-4fbf-82c4-62c47aac86a5","title":"kids playing at the park","description":"","category":"Waterways","audioUrl":"https://s3.us-west-004.backblazeb2.com/saigon-soundscape-audio/recordings/4149a763-d016-4fbf-82c4-62c47aac86a5_10.818587_106.715321.mp3","imageUrl":"","duration":44.9,"createdAt":"2026-08-17T04:33:21.273Z"}},{"type":"Feature","geometry":{"type":"Point","coordinates":[106.719658,10.818033]},"properties":{"id":"213fadf8-c300-4792-a821-12cc8b4b6141","title":"Alley in Thanh Ða","description":"","category":"Background","audioUrl":"https://s3.us-west-004.backblazeb2.com/saigon-soundscape-audio/recordings/213fadf8-c300-4792-a821-12cc8b4b6141_10.818033_106.719658.mp3","imageUrl":"https://s3.us-west-004.backblazeb2.com/saigon-soundscape-audio/images/213fadf8-c300-4792-a821-12cc8b4b6141_10.818033_106.719658.jpg","duration":67.7,"createdAt":"2026-08-17T04:32:04.322Z"}},{"type":"Feature","geometry":{"type":"Point","coordinates":[106.718155,10.818238]},"properties":{"id":"a8819dd2-f1d0-4ed1-a2a0-ad015a8360e3","title":"Basketball game","description":"","category":"Play & Leisure","audioUrl":"https://s3.us-west-004.backblazeb2.com/saigon-soundscape-audio/recordings/a8819dd2-f1d0-4ed1-a2a0-ad015a8360e3_10.818238_106.718155.mp3","imageUrl":"","duration":37.9,"createdAt":"2026-08-17T04:31:45.205Z"}},{"type":"Feature","geometry":{"type":"Point","coordinates":[106.715194,10.818328]},"properties":{"id":"6bc92137-4c16-4189-a8b2-77b3f805be42","title":"Birds","description":"","category":"Nature","audioUrl":"https://s3.us-west-004.backblazeb2.com/saigon-soundscape-audio/recordings/6bc92137-4c16-4189-a8b2-77b3f805be42_10.818328_106.715194.mp3","imageUrl":"https://s3.us-west-004.backblazeb2.com/saigon-soundscape-audio/images/6bc92137-4c16-4189-a8b2-77b3f805be42_10.818328_106.715194.jpg","duration":6.9,"createdAt":"2026-08-17T04:30:19.347Z"}},{"type":"Feature","geometry":{"type":"Point","coordinates":[106.714839,10.81826]},"properties":{"id":"c8b7b30f-12a0-4ced-8119-2e35a36c3031","title":"Men playing Xiangqi","description":"","category":"Conversations","audioUrl":"https://s3.us-west-004.backblazeb2.com/saigon-soundscape-audio/recordings/c8b7b30f-12a0-4ced-8119-2e35a36c3031_10.81826_106.714839.mp3","imageUrl":"","duration":56.8,"createdAt":"2026-08-17T04:30:05.070Z"}},{"type":"Feature","geometry":{"type":"Point","coordinates":[106.715414,10.819452]},"properties":{"id":"5811d9d4-7464-4402-8b50-f4ca29f52559","title":"Insect noises","description":"","category":"Nature","audioUrl":"https://s3.us-west-004.backblazeb2.com/saigon-soundscape-audio/recordings/5811d9d4-7464-4402-8b50-f4ca29f52559_10.819452_106.715414.mp3","imageUrl":"","duration":11.1,"createdAt":"2026-08-17T04:27:42.516Z"}},{"type":"Feature","geometry":{"type":"Point","coordinates":[106.714839,10.81826]},"properties":{"id":"fda72806-3caf-4bd4-8390-140b5c6c90e9","title":"River Bank","description":"","category":"Sidewalks","audioUrl":"https://s3.us-west-004.backblazeb2.com/saigon-soundscape-audio/recordings/fda72806-3caf-4bd4-8390-140b5c6c90e9_10.81826_106.714839.mp3","imageUrl":"","duration":44.2,"createdAt":"2026-08-17T04:27:41.129Z"}},{"type":"Feature","geometry":{"type":"Point","coordinates":[106.71535,10.819212]},"properties":{"id":"4c834947-5436-4ead-9380-4b2d6d9b4ae4","title":"River and Roads","description":"","category":"Waterways","audioUrl":"https://s3.us-west-004.backblazeb2.com/saigon-soundscape-audio/recordings/4c834947-5436-4ead-9380-4b2d6d9b4ae4_10.819212_106.71535.mp3","imageUrl":"https://s3.us-west-004.backblazeb2.com/saigon-soundscape-audio/images/4c834947-5436-4ead-9380-4b2d6d9b4ae4_10.819212_106.71535.jpg","duration":19.2,"createdAt":"2026-08-17T04:26:58.611Z"}},{"type":"Feature","geometry":{"type":"Point","coordinates":[106.715548,10.817928]},"properties":{"id":"11ff91ed-081c-4be5-b467-ec0ae87d73ad","title":"River boat","description":"River boat Lo 2","category":"Vehicles","audioUrl":"https://s3.us-west-004.backblazeb2.com/saigon-soundscape-audio/recordings/11ff91ed-081c-4be5-b467-ec0ae87d73ad_10.817928_106.715548.mp3","imageUrl":"https://s3.us-west-004.backblazeb2.com/saigon-soundscape-audio/images/11ff91ed-081c-4be5-b467-ec0ae87d73ad_10.817928_106.715548.jpg","duration":28.7,"createdAt":"2026-08-17T04:25:36.770Z"}},{"type":"Feature","geometry":{"type":"Point","coordinates":[106.715539,10.819057]},"properties":{"id":"ec4b8f6c-01d1-4f81-8924-1c8d1d08c1cd","title":"Basketball by the river","description":"","category":"Play & Leisure","audioUrl":"https://s3.us-west-004.backblazeb2.com/saigon-soundscape-audio/recordings/ec4b8f6c-01d1-4f81-8924-1c8d1d08c1cd_10.819057_106.715539.mp3","imageUrl":"https://s3.us-west-004.backblazeb2.com/saigon-soundscape-audio/images/ec4b8f6c-01d1-4f81-8924-1c8d1d08c1cd_10.819057_106.715539.jpg","duration":14.5,"createdAt":"2026-08-17T04:25:31.596Z"}},{"type":"Feature","geometry":{"type":"Point","coordinates":[106.719101,10.817807]},"properties":{"id":"1e139462-740a-4be4-9c45-f4c9a358503c","title":"Ordering coffee ☕️  and preparing coffee","description":"","category":"Street Vendors","audioUrl":"https://s3.us-west-004.backblazeb2.com/saigon-soundscape-audio/recordings/1e139462-740a-4be4-9c45-f4c9a358503c_10.817807_106.719101.mp3","imageUrl":"https://s3.us-west-004.backblazeb2.com/saigon-soundscape-audio/images/1e139462-740a-4be4-9c45-f4c9a358503c_10.817807_106.719101.jpg","duration":75.4,"createdAt":"2026-08-17T04:25:25.005Z"}},{"type":"Feature","geometry":{"type":"Point","coordinates":[106.715293,10.818702]},"properties":{"id":"4ec7fb71-28bb-4139-88ce-cefa030f9c8d","title":"River","description":"","category":"Nature","audioUrl":"https://s3.us-west-004.backblazeb2.com/saigon-soundscape-audio/recordings/4ec7fb71-28bb-4139-88ce-cefa030f9c8d_10.818702_106.715293.mp3","imageUrl":"","duration":16.7,"createdAt":"2026-08-17T04:25:10.028Z"}},{"type":"Feature","geometry":{"type":"Point","coordinates":[106.716262,10.819255]},"properties":{"id":"4c3c7805-b553-43d0-9475-38fecbc25fb4","title":"Lady selling recycled plastic meet up with gentleman sell old electric devices","description":"","category":"Conversations","audioUrl":"https://s3.us-west-004.backblazeb2.com/saigon-soundscape-audio/recordings/4c3c7805-b553-43d0-9475-38fecbc25fb4_10.819255_106.716262.mp3","imageUrl":"","duration":29.9,"createdAt":"2026-08-17T04:25:04.755Z"}},{"type":"Feature","geometry":{"type":"Point","coordinates":[106.715413,10.816938]},"properties":{"id":"5a03df7f-cadd-47e5-9eef-1f5dedfef897","title":"Bà nội ơi bé ngồi lên bàn, chơi mà chơi méc 😏","description":"","category":"Street Vendors","audioUrl":"https://s3.us-west-004.backblazeb2.com/saigon-soundscape-audio/recordings/5a03df7f-cadd-47e5-9eef-1f5dedfef897_10.816938_106.715413.mp3","imageUrl":"","duration":49.5,"createdAt":"2026-08-17T04:24:27.665Z"}},{"type":"Feature","geometry":{"type":"Point","coordinates":[106.717447,10.817963]},"properties":{"id":"5abd1ce2-16fc-4ab1-959f-e11d66f9b173","title":"Making, waiting for, paying for cafe sua","description":"","category":"Street Vendors","audioUrl":"https://s3.us-west-004.backblazeb2.com/saigon-soundscape-audio/recordings/5abd1ce2-16fc-4ab1-959f-e11d66f9b173_10.817963_106.717447.mp3","imageUrl":"https://s3.us-west-004.backblazeb2.com/saigon-soundscape-audio/images/5abd1ce2-16fc-4ab1-959f-e11d66f9b173_10.817963_106.717447.jpg","duration":116,"createdAt":"2026-08-17T04:24:12.897Z"}},{"type":"Feature","geometry":{"type":"Point","coordinates":[106.715117,10.818586]},"properties":{"id":"6bbdf21a-b137-4530-a327-5826ec87ce00","title":"chơi cờ tướng","description":"2 chú vừa chơi cờ tướng vừa nghe nhạc sến","category":"Music","audioUrl":"https://s3.us-west-004.backblazeb2.com/saigon-soundscape-audio/recordings/6bbdf21a-b137-4530-a327-5826ec87ce00_10.818586_106.715117.mp3","imageUrl":"https://s3.us-west-004.backblazeb2.com/saigon-soundscape-audio/images/6bbdf21a-b137-4530-a327-5826ec87ce00_10.818586_106.715117.jpg","duration":53.5,"createdAt":"2026-08-17T04:23:56.966Z"}},{"type":"Feature","geometry":{"type":"Point","coordinates":[106.717023,10.818891]},"properties":{"id":"d508c879-ca96-45d0-8660-5f98dfe2c856","title":"A lively household","description":"parrots, mom, children, children's bikes","category":"Home","audioUrl":"https://s3.us-west-004.backblazeb2.com/saigon-soundscape-audio/recordings/d508c879-ca96-45d0-8660-5f98dfe2c856_10.818891_106.717023.mp3","imageUrl":"","duration":25.9,"createdAt":"2026-08-17T04:23:52.311Z"}},{"type":"Feature","geometry":{"type":"Point","coordinates":[106.715293,10.818702]},"properties":{"id":"c34ea386-62d2-47df-9d73-cbe130fe6e98","title":"Boat","description":"","category":"Vehicles","audioUrl":"https://s3.us-west-004.backblazeb2.com/saigon-soundscape-audio/recordings/c34ea386-62d2-47df-9d73-cbe130fe6e98_10.818702_106.715293.mp3","imageUrl":"","duration":13.3,"createdAt":"2026-08-17T04:23:52.223Z"}},{"type":"Feature","geometry":{"type":"Point","coordinates":[106.717322,10.818331]},"properties":{"id":"d25b9eda-289c-44c4-8004-524256512ded","title":"engine and chatting","description":"Sounds heard from a tree","category":"Background","audioUrl":"https://s3.us-west-004.backblazeb2.com/saigon-soundscape-audio/recordings/d25b9eda-289c-44c4-8004-524256512ded_10.818331_106.717322.mp3","imageUrl":"","duration":46.3,"createdAt":"2026-08-17T04:23:24.060Z"}},{"type":"Feature","geometry":{"type":"Point","coordinates":[106.719101,10.817807]},"properties":{"id":"b5de443c-46f4-40ae-8807-b7181048e694","title":"Inside and outside- in between","description":"Living room on the street","category":"Home","audioUrl":"https://s3.us-west-004.backblazeb2.com/saigon-soundscape-audio/recordings/b5de443c-46f4-40ae-8807-b7181048e694_10.817807_106.719101.mp3","imageUrl":"https://s3.us-west-004.backblazeb2.com/saigon-soundscape-audio/images/b5de443c-46f4-40ae-8807-b7181048e694_10.817807_106.719101.jpg","duration":42.9,"createdAt":"2026-08-17T04:23:15.918Z"}},{"type":"Feature","geometry":{"type":"Point","coordinates":[106.716416,10.819203]},"properties":{"id":"fb2a37b1-fb89-4156-84b5-48a9394f9c16","title":"Sound of looking and waiting","description":"","category":"Sidewalks","audioUrl":"https://s3.us-west-004.backblazeb2.com/saigon-soundscape-audio/recordings/fb2a37b1-fb89-4156-84b5-48a9394f9c16_10.819203_106.716416.mp3","imageUrl":"","duration":30,"createdAt":"2026-08-17T04:23:11.584Z"}},{"type":"Feature","geometry":{"type":"Point","coordinates":[106.717399,10.818136]},"properties":{"id":"6b6bef42-2156-46d6-a86e-460ac9515dc6","title":"Ở cây nước mía Thanh Đa","description":"","category":"Street Vendors","audioUrl":"https://s3.us-west-004.backblazeb2.com/saigon-soundscape-audio/recordings/6b6bef42-2156-46d6-a86e-460ac9515dc6_10.818136_106.717399.mp3","imageUrl":"","duration":42.6,"createdAt":"2026-08-17T04:23:08.796Z"}},{"type":"Feature","geometry":{"type":"Point","coordinates":[106.716015,10.81916]},"properties":{"id":"f596b1c5-78a2-4da7-a4d6-ff04761d9b2e","title":"Street vendor","description":"","category":"Food & Drink","audioUrl":"https://s3.us-west-004.backblazeb2.com/saigon-soundscape-audio/recordings/f596b1c5-78a2-4da7-a4d6-ff04761d9b2e_10.81916_106.716015.mp3","imageUrl":"https://s3.us-west-004.backblazeb2.com/saigon-soundscape-audio/images/f596b1c5-78a2-4da7-a4d6-ff04761d9b2e_10.81916_106.716015.jpg","duration":15.9,"createdAt":"2026-08-17T04:23:03.772Z"}},{"type":"Feature","geometry":{"type":"Point","coordinates":[106.715418,10.818714]},"properties":{"id":"cd2e0005-13fa-45f4-a9fd-2234c84a6c68","title":"Lady selling recycled plastic","description":"","category":"Work","audioUrl":"https://s3.us-west-004.backblazeb2.com/saigon-soundscape-audio/recordings/cd2e0005-13fa-45f4-a9fd-2234c84a6c68_10.818714_106.715418.mp3","imageUrl":"","duration":12.5,"createdAt":"2026-08-17T04:22:37.694Z"}},{"type":"Feature","geometry":{"type":"Point","coordinates":[106.716566,10.818575]},"properties":{"id":"08454aab-653c-455e-92e8-1860f0b1e6fd","title":"Bike, footsteps","description":"","category":"Home","audioUrl":"https://s3.us-west-004.backblazeb2.com/saigon-soundscape-audio/recordings/08454aab-653c-455e-92e8-1860f0b1e6fd_10.818575_106.716566.mp3","imageUrl":"","duration":29.2,"createdAt":"2026-08-17T04:21:47.169Z"}},{"type":"Feature","geometry":{"type":"Point","coordinates":[106.715293,10.818702]},"properties":{"id":"4a226cde-02da-4884-9a26-db339a8897ee","title":"Animal sounds","description":"","category":"Nature","audioUrl":"https://s3.us-west-004.backblazeb2.com/saigon-soundscape-audio/recordings/4a226cde-02da-4884-9a26-db339a8897ee_10.818702_106.715293.mp3","imageUrl":"","duration":37.7,"createdAt":"2026-08-17T04:21:35.057Z"}},{"type":"Feature","geometry":{"type":"Point","coordinates":[106.716551,10.818564]},"properties":{"id":"90b54575-93f7-4d4a-8e8a-f83f11bec992","title":"Bike sound - Thanh Da","description":"","category":"Home","audioUrl":"https://s3.us-west-004.backblazeb2.com/saigon-soundscape-audio/recordings/90b54575-93f7-4d4a-8e8a-f83f11bec992_10.818564_106.716551.mp3","imageUrl":"","duration":29.2,"createdAt":"2026-08-17T04:21:14.254Z"}},{"type":"Feature","geometry":{"type":"Point","coordinates":[106.716286,10.819196]},"properties":{"id":"952b7bfd-1c99-44d1-89a3-399242fca727","title":"Bike sound - Thanh Da","description":"","category":"Home","audioUrl":"https://s3.us-west-004.backblazeb2.com/saigon-soundscape-audio/recordings/952b7bfd-1c99-44d1-89a3-399242fca727_10.819196_106.716286.mp3","imageUrl":"","duration":29.2,"createdAt":"2026-08-17T04:21:10.778Z"}},{"type":"Feature","geometry":{"type":"Point","coordinates":[106.717676,10.817495]},"properties":{"id":"05b6452c-f0b9-41a5-8732-897209f86eb1","title":"fish tank bubbling sound","description":"","category":"Background","audioUrl":"https://s3.us-west-004.backblazeb2.com/saigon-soundscape-audio/recordings/05b6452c-f0b9-41a5-8732-897209f86eb1_10.817495_106.717676.mp3","imageUrl":"","duration":11.3,"createdAt":"2026-08-17T04:21:09.294Z"}},{"type":"Feature","geometry":{"type":"Point","coordinates":[106.717045,10.819116]},"properties":{"id":"b444e48d-6592-4914-a390-ae9917bdb1ee","title":"Construction by the water","description":"","category":"Nature","audioUrl":"https://s3.us-west-004.backblazeb2.com/saigon-soundscape-audio/recordings/b444e48d-6592-4914-a390-ae9917bdb1ee_10.819116_106.717045.mp3","imageUrl":"https://s3.us-west-004.backblazeb2.com/saigon-soundscape-audio/images/b444e48d-6592-4914-a390-ae9917bdb1ee_10.819116_106.717045.jpg","duration":16.4,"createdAt":"2026-08-17T04:20:47.750Z"}},{"type":"Feature","geometry":{"type":"Point","coordinates":[106.717447,10.817963]},"properties":{"id":"07aaa4d4-ace1-4fbd-8153-199742ca033c","title":"Puppy in cage next to bodybuilding poster","description":"","category":"Background","audioUrl":"https://s3.us-west-004.backblazeb2.com/saigon-soundscape-audio/recordings/07aaa4d4-ace1-4fbd-8153-199742ca033c_10.817963_106.717447.mp3","imageUrl":"https://s3.us-west-004.backblazeb2.com/saigon-soundscape-audio/images/07aaa4d4-ace1-4fbd-8153-199742ca033c_10.817963_106.717447.jpg","duration":73.7,"createdAt":"2026-08-17T04:20:25.946Z"}},{"type":"Feature","geometry":{"type":"Point","coordinates":[106.716402,10.818227]},"properties":{"id":"58312833-93e5-4e92-9f25-f5234d77ad6c","title":"Huffing dog from behind a door","description":"After a melee of barks, dog continues with huffing and borking from behind the door of apartment residence.","category":"Home","audioUrl":"https://s3.us-west-004.backblazeb2.com/saigon-soundscape-audio/recordings/58312833-93e5-4e92-9f25-f5234d77ad6c_10.818227_106.716402.mp3","imageUrl":"","duration":21.1,"createdAt":"2026-08-17T04:20:20.629Z"}},{"type":"Feature","geometry":{"type":"Point","coordinates":[106.716416,10.819203]},"properties":{"id":"e28c681b-4f9d-4895-b3bb-9ca09882d615","title":"Weird Machines","description":"","category":"Infrastructure & Utilities","audioUrl":"https://s3.us-west-004.backblazeb2.com/saigon-soundscape-audio/recordings/e28c681b-4f9d-4895-b3bb-9ca09882d615_10.819203_106.716416.mp3","imageUrl":"","duration":42.2,"createdAt":"2026-08-17T04:20:15.819Z"}},{"type":"Feature","geometry":{"type":"Point","coordinates":[106.715206,10.819844]},"properties":{"id":"38317ecf-f31b-4409-baa1-65250faa500d","title":"Closing the rice bag","description":"","category":"Street Vendors","audioUrl":"https://s3.us-west-004.backblazeb2.com/saigon-soundscape-audio/recordings/38317ecf-f31b-4409-baa1-65250faa500d_10.819844_106.715206.mp3","imageUrl":"https://s3.us-west-004.backblazeb2.com/saigon-soundscape-audio/images/38317ecf-f31b-4409-baa1-65250faa500d_10.819844_106.715206.jpg","duration":20.6,"createdAt":"2026-08-17T04:20:06.967Z"}},{"type":"Feature","geometry":{"type":"Point","coordinates":[106.715385,10.819797]},"properties":{"id":"2e274152-3016-45c4-8603-c1d2193a04a7","title":"Kid playing basketball and swearing","description":"","category":"Play & Leisure","audioUrl":"https://s3.us-west-004.backblazeb2.com/saigon-soundscape-audio/recordings/2e274152-3016-45c4-8603-c1d2193a04a7_10.819797_106.715385.mp3","imageUrl":"","duration":31.6,"createdAt":"2026-08-17T04:19:44.865Z"}},{"type":"Feature","geometry":{"type":"Point","coordinates":[106.715293,10.818702]},"properties":{"id":"d046ca69-4671-4e4f-9551-c12f68c0ee54","title":"Bird chirp","description":"","category":"Nature","audioUrl":"https://s3.us-west-004.backblazeb2.com/saigon-soundscape-audio/recordings/d046ca69-4671-4e4f-9551-c12f68c0ee54_10.818702_106.715293.mp3","imageUrl":"","duration":9.7,"createdAt":"2026-08-17T04:19:15.190Z"}},{"type":"Feature","geometry":{"type":"Point","coordinates":[106.715206,10.819844]},"properties":{"id":"56364846-cacb-4c99-8e64-49dc9dbfd567","title":"🐔","description":"","category":"Sidewalks","audioUrl":"https://s3.us-west-004.backblazeb2.com/saigon-soundscape-audio/recordings/56364846-cacb-4c99-8e64-49dc9dbfd567_10.819844_106.715206.mp3","imageUrl":"https://s3.us-west-004.backblazeb2.com/saigon-soundscape-audio/images/56364846-cacb-4c99-8e64-49dc9dbfd567_10.819844_106.715206.jpg","duration":58.5,"createdAt":"2026-08-17T04:19:06.181Z"}},{"type":"Feature","geometry":{"type":"Point","coordinates":[106.716994,10.819029]},"properties":{"id":"ca7a1488-5baa-4826-9bfa-8657c4c8eb55","title":"Construction and roosters","description":"","category":"Sidewalks","audioUrl":"https://s3.us-west-004.backblazeb2.com/saigon-soundscape-audio/recordings/ca7a1488-5baa-4826-9bfa-8657c4c8eb55_10.819029_106.716994.mp3","imageUrl":"https://s3.us-west-004.backblazeb2.com/saigon-soundscape-audio/images/ca7a1488-5baa-4826-9bfa-8657c4c8eb55_10.819029_106.716994.jpg","duration":12.5,"createdAt":"2026-08-17T04:19:01.378Z"}},{"type":"Feature","geometry":{"type":"Point","coordinates":[106.715293,10.818702]},"properties":{"id":"7e50e7d0-61c5-490f-8cb6-7630291f0c95","title":"Bird chirp","description":"","category":"Nature","audioUrl":"https://s3.us-west-004.backblazeb2.com/saigon-soundscape-audio/recordings/7e50e7d0-61c5-490f-8cb6-7630291f0c95_10.818702_106.715293.mp3","imageUrl":"","duration":9.7,"createdAt":"2026-08-17T04:19:00.102Z"}},{"type":"Feature","geometry":{"type":"Point","coordinates":[106.717104,10.818668]},"properties":{"id":"5ace4794-9adb-4153-80a6-9567c38485e9","title":"Ladies chatting in Thanh Đa","description":"","category":"Home","audioUrl":"https://s3.us-west-004.backblazeb2.com/saigon-soundscape-audio/recordings/5ace4794-9adb-4153-80a6-9567c38485e9_10.818668_106.717104.mp3","imageUrl":"","duration":15.2,"createdAt":"2026-08-17T04:18:06.815Z"}},{"type":"Feature","geometry":{"type":"Point","coordinates":[106.717243,10.817445]},"properties":{"id":"807e8644-9fcb-406f-9a5b-16239520aed4","title":"Coffee Shop","description":"Coffee shop sounds Monday morning","category":"Food & Drink","audioUrl":"https://s3.us-west-004.backblazeb2.com/saigon-soundscape-audio/recordings/807e8644-9fcb-406f-9a5b-16239520aed4_10.817445_106.717243.mp3","imageUrl":"https://s3.us-west-004.backblazeb2.com/saigon-soundscape-audio/images/807e8644-9fcb-406f-9a5b-16239520aed4_10.817445_106.717243.jpg","duration":23.3,"createdAt":"2026-08-17T04:17:31.859Z"}},{"type":"Feature","geometry":{"type":"Point","coordinates":[106.717448,10.817507]},"properties":{"id":"588503f8-4faf-4015-9b09-2e43f373dcfa","title":"Conversation starts Conversation stops","description":"People are ready for lunch \r\nGathering \r\nAmbient music and chatting","category":"Food & Drink","audioUrl":"https://s3.us-west-004.backblazeb2.com/saigon-soundscape-audio/recordings/588503f8-4faf-4015-9b09-2e43f373dcfa_10.817507_106.717448.mp3","imageUrl":"https://s3.us-west-004.backblazeb2.com/saigon-soundscape-audio/images/588503f8-4faf-4015-9b09-2e43f373dcfa_10.817507_106.717448.jpg","duration":91.1,"createdAt":"2026-08-17T04:17:31.148Z"}},{"type":"Feature","geometry":{"type":"Point","coordinates":[106.715413,10.816938]},"properties":{"id":"fe4ca02a-2cd2-4eae-8748-96379374e322","title":"Mua TV","description":"","category":"Work","audioUrl":"https://s3.us-west-004.backblazeb2.com/saigon-soundscape-audio/recordings/fe4ca02a-2cd2-4eae-8748-96379374e322_10.816938_106.715413.mp3","imageUrl":"","duration":27.4,"createdAt":"2026-08-17T04:17:15.849Z"}},{"type":"Feature","geometry":{"type":"Point","coordinates":[106.716393,10.819156]},"properties":{"id":"7b238769-d11b-4e8d-9d25-a4f460647a46","title":"Water Sound","description":"Sound of water in moldy ceramic vase with a calling of lady selling bánh tráng","category":"Waterways","audioUrl":"https://s3.us-west-004.backblazeb2.com/saigon-soundscape-audio/recordings/7b238769-d11b-4e8d-9d25-a4f460647a46_10.819156_106.716393.mp3","imageUrl":"","duration":48.5,"createdAt":"2026-08-17T04:16:20.347Z"}},{"type":"Feature","geometry":{"type":"Point","coordinates":[106.715504,10.81726]},"properties":{"id":"00fb3e73-222a-43f8-b182-1cf707455cea","title":"Refridgerator engine","description":"","category":"Infrastructure & Utilities","audioUrl":"https://s3.us-west-004.backblazeb2.com/saigon-soundscape-audio/recordings/00fb3e73-222a-43f8-b182-1cf707455cea_10.81726_106.715504.mp3","imageUrl":"","duration":21.6,"createdAt":"2026-08-17T04:16:03.368Z"}},{"type":"Feature","geometry":{"type":"Point","coordinates":[106.766202,10.814692]},"properties":{"id":"ef3ea592-bcdd-4b95-bd62-ef7d8fd04ba1","title":"Thanh Da","description":"","category":"Street Vendors","audioUrl":"https://s3.us-west-004.backblazeb2.com/saigon-soundscape-audio/recordings/ef3ea592-bcdd-4b95-bd62-ef7d8fd04ba1_10.814692_106.766202.mp3","imageUrl":"","duration":28.7,"createdAt":"2026-08-17T04:15:39.244Z"}},{"type":"Feature","geometry":{"type":"Point","coordinates":[106.716823,10.818638]},"properties":{"id":"87c43641-f323-4045-bb7a-fc4a67b12833","title":"Sounds at Thanh Đa Apartment Complex","description":"gossips from women in the neighborhood and birds chirps, women and birds, isn’t it lovely?","category":"Conversations","audioUrl":"https://s3.us-west-004.backblazeb2.com/saigon-soundscape-audio/recordings/87c43641-f323-4045-bb7a-fc4a67b12833_10.818638_106.716823.mp3","imageUrl":"","duration":29.8,"createdAt":"2026-08-17T04:15:31.653Z"}},{"type":"Feature","geometry":{"type":"Point","coordinates":[106.717325,10.818079]},"properties":{"id":"c166225f-558b-47b7-996b-c016933a1768","title":"Nuoc mia","description":"","category":"Street Vendors","audioUrl":"https://s3.us-west-004.backblazeb2.com/saigon-soundscape-audio/recordings/c166225f-558b-47b7-996b-c016933a1768_10.818079_106.717325.mp3","imageUrl":"https://s3.us-west-004.backblazeb2.com/saigon-soundscape-audio/images/c166225f-558b-47b7-996b-c016933a1768_10.818079_106.717325.jpg","duration":8.7,"createdAt":"2026-08-17T04:15:13.985Z"}},{"type":"Feature","geometry":{"type":"Point","coordinates":[106.717248,10.818335]},"properties":{"id":"6524b42b-fb44-4e33-9e7f-84ea0280a2cf","title":"Sirens n dogs","description":"Recorded on the side of street in front of the sign","category":"Background","audioUrl":"https://s3.us-west-004.backblazeb2.com/saigon-soundscape-audio/recordings/6524b42b-fb44-4e33-9e7f-84ea0280a2cf_10.818335_106.717248.mp3","imageUrl":"https://s3.us-west-004.backblazeb2.com/saigon-soundscape-audio/images/6524b42b-fb44-4e33-9e7f-84ea0280a2cf_10.818335_106.717248.jpg","duration":50.1,"createdAt":"2026-08-17T04:14:57.640Z"}},{"type":"Feature","geometry":{"type":"Point","coordinates":[106.716098,10.820039]},"properties":{"id":"22ba1137-ae9e-4edb-8dad-c38ffe0f8be9","title":"Ve chai in Thanh Đa","description":"","category":"Street Vendors","audioUrl":"https://s3.us-west-004.backblazeb2.com/saigon-soundscape-audio/recordings/22ba1137-ae9e-4edb-8dad-c38ffe0f8be9_10.820039_106.716098.mp3","imageUrl":"","duration":22.9,"createdAt":"2026-08-17T04:14:54.896Z"}},{"type":"Feature","geometry":{"type":"Point","coordinates":[106.717325,10.818079]},"properties":{"id":"86d6a06f-329c-4af6-a7fc-6197deeeaf07","title":"Dog and music","description":"","category":"Street Vendors","audioUrl":"https://s3.us-west-004.backblazeb2.com/saigon-soundscape-audio/recordings/86d6a06f-329c-4af6-a7fc-6197deeeaf07_10.818079_106.717325.mp3","imageUrl":"https://s3.us-west-004.backblazeb2.com/saigon-soundscape-audio/images/86d6a06f-329c-4af6-a7fc-6197deeeaf07_10.818079_106.717325.jpg","duration":15,"createdAt":"2026-08-17T04:13:53.907Z"}},{"type":"Feature","geometry":{"type":"Point","coordinates":[106.716681,10.817211]},"properties":{"id":"4a639ca6-5d41-4b46-803e-85c46b4defbd","title":"Peace - 🐦","description":"Almost lunch time. I want to eat","category":"Nature","audioUrl":"https://s3.us-west-004.backblazeb2.com/saigon-soundscape-audio/recordings/4a639ca6-5d41-4b46-803e-85c46b4defbd_10.817211_106.716681.mp3","imageUrl":"https://s3.us-west-004.backblazeb2.com/saigon-soundscape-audio/images/4a639ca6-5d41-4b46-803e-85c46b4defbd_10.817211_106.716681.jpg","duration":52.4,"createdAt":"2026-08-17T04:13:47.132Z"}},{"type":"Feature","geometry":{"type":"Point","coordinates":[106.717002,10.818394]},"properties":{"id":"3a52c46b-0fa1-4baf-b8f9-f5e8b0e5160c","title":"Electrician working with cable","description":"EVN worker winding up electricity cable","category":"Work","audioUrl":"https://s3.us-west-004.backblazeb2.com/saigon-soundscape-audio/recordings/3a52c46b-0fa1-4baf-b8f9-f5e8b0e5160c_10.818394_106.717002.mp3","imageUrl":"https://s3.us-west-004.backblazeb2.com/saigon-soundscape-audio/images/3a52c46b-0fa1-4baf-b8f9-f5e8b0e5160c_10.818394_106.717002.jpg","duration":62.7,"createdAt":"2026-08-17T04:13:42.690Z"}},{"type":"Feature","geometry":{"type":"Point","coordinates":[106.716669,10.817862]},"properties":{"id":"7bc936b7-eb77-418b-96d7-37f0b5739ac1","title":"Motorcycle starting and wind blowing","description":"","category":"Vehicles","audioUrl":"https://s3.us-west-004.backblazeb2.com/saigon-soundscape-audio/recordings/7bc936b7-eb77-418b-96d7-37f0b5739ac1_10.817862_106.716669.mp3","imageUrl":"","duration":29.1,"createdAt":"2026-08-17T04:13:29.586Z"}},{"type":"Feature","geometry":{"type":"Point","coordinates":[106.716515,10.818578]},"properties":{"id":"bd92ea0b-bce5-41c7-a96d-14559a79debc","title":"Cư dân Thanh Đa nói về ngày giải toả","description":"","category":"Conversations","audioUrl":"https://s3.us-west-004.backblazeb2.com/saigon-soundscape-audio/recordings/bd92ea0b-bce5-41c7-a96d-14559a79debc_10.818578_106.716515.mp3","imageUrl":"","duration":19.5,"createdAt":"2026-08-17T04:12:54.629Z"}},{"type":"Feature","geometry":{"type":"Point","coordinates":[106.716594,10.817869]},"properties":{"id":"146a25a0-6d5a-4f4b-9d11-ee51d6a9996c","title":"cười lên bạn nhé","description":"nước chảy và tiếng cười haha","category":"Background","audioUrl":"https://s3.us-west-004.backblazeb2.com/saigon-soundscape-audio/recordings/146a25a0-6d5a-4f4b-9d11-ee51d6a9996c_10.817869_106.716594.mp3","imageUrl":"","duration":35.8,"createdAt":"2026-08-17T04:12:05.257Z"}},{"type":"Feature","geometry":{"type":"Point","coordinates":[106.715293,10.818702]},"properties":{"id":"da1b9349-86d9-4832-a32d-93cbaec9fdcd","title":"Animal sound","description":"","category":"Sidewalks","audioUrl":"https://s3.us-west-004.backblazeb2.com/saigon-soundscape-audio/recordings/da1b9349-86d9-4832-a32d-93cbaec9fdcd_10.818702_106.715293.mp3","imageUrl":"https://s3.us-west-004.backblazeb2.com/saigon-soundscape-audio/images/da1b9349-86d9-4832-a32d-93cbaec9fdcd_10.818702_106.715293.jpg","duration":13.6,"createdAt":"2026-08-17T04:11:54.638Z"}},{"type":"Feature","geometry":{"type":"Point","coordinates":[106.717043,10.818696]},"properties":{"id":"fe8f7f35-648c-4246-b2b2-12f2a5586de6","title":"Birds and apartments","description":"","category":"Home","audioUrl":"https://s3.us-west-004.backblazeb2.com/saigon-soundscape-audio/recordings/fe8f7f35-648c-4246-b2b2-12f2a5586de6_10.818696_106.717043.mp3","imageUrl":"https://s3.us-west-004.backblazeb2.com/saigon-soundscape-audio/images/fe8f7f35-648c-4246-b2b2-12f2a5586de6_10.818696_106.717043.jpg","duration":13.5,"createdAt":"2026-08-17T04:11:52.541Z"}},{"type":"Feature","geometry":{"type":"Point","coordinates":[106.71697,10.818658]},"properties":{"id":"2dbc56be-e3c2-44aa-bab8-09be9ab62014","title":"Bird hooping","description":"","category":"Nature","audioUrl":"https://s3.us-west-004.backblazeb2.com/saigon-soundscape-audio/recordings/2dbc56be-e3c2-44aa-bab8-09be9ab62014_10.818658_106.71697.mp3","imageUrl":"","duration":20.2,"createdAt":"2026-08-17T04:11:18.842Z"}},{"type":"Feature","geometry":{"type":"Point","coordinates":[106.716541,10.818567]},"properties":{"id":"f5409439-f603-452f-bad2-7246c5b0e5d2","title":"Birds, voices, and daily life sounds","description":"Recorded in courtyard between apartments","category":"Play & Leisure","audioUrl":"https://s3.us-west-004.backblazeb2.com/saigon-soundscape-audio/recordings/f5409439-f603-452f-bad2-7246c5b0e5d2_10.818567_106.716541.mp3","imageUrl":"","duration":43.3,"createdAt":"2026-08-17T04:10:50.323Z"}},{"type":"Feature","geometry":{"type":"Point","coordinates":[106.716098,10.820039]},"properties":{"id":"91d81b9d-f751-4cbc-bde7-1c1ac100ae1a","title":"Birdies in Thanh Đa","description":"","category":"Sidewalks","audioUrl":"https://s3.us-west-004.backblazeb2.com/saigon-soundscape-audio/recordings/91d81b9d-f751-4cbc-bde7-1c1ac100ae1a_10.820039_106.716098.mp3","imageUrl":"","duration":26.7,"createdAt":"2026-08-17T04:09:40.393Z"}},{"type":"Feature","geometry":{"type":"Point","coordinates":[106.714935,10.818362]},"properties":{"id":"a84b8ffc-0945-47a2-b5c1-cb44f3a0bb39","title":"Birds","description":"","category":"Nature","audioUrl":"https://s3.us-west-004.backblazeb2.com/saigon-soundscape-audio/recordings/a84b8ffc-0945-47a2-b5c1-cb44f3a0bb39_10.818362_106.714935.mp3","imageUrl":"https://s3.us-west-004.backblazeb2.com/saigon-soundscape-audio/images/a84b8ffc-0945-47a2-b5c1-cb44f3a0bb39_10.818362_106.714935.jpg","duration":13.2,"createdAt":"2026-08-17T04:08:22.310Z"}},{"type":"Feature","geometry":{"type":"Point","coordinates":[106.715573,10.818917]},"properties":{"id":"2914e71c-691e-42b8-8beb-fd84921fffa2","title":"Birds and Basketball","description":"","category":"Play & Leisure","audioUrl":"https://s3.us-west-004.backblazeb2.com/saigon-soundscape-audio/recordings/2914e71c-691e-42b8-8beb-fd84921fffa2_10.818917_106.715573.mp3","imageUrl":"https://s3.us-west-004.backblazeb2.com/saigon-soundscape-audio/images/2914e71c-691e-42b8-8beb-fd84921fffa2_10.818917_106.715573.jpg","duration":38.9,"createdAt":"2026-08-17T04:08:01.245Z"}},{"type":"Feature","geometry":{"type":"Point","coordinates":[106.715629,10.818453]},"properties":{"id":"9ce90b7f-ce0f-43bc-a1f2-1adda2d1785a","title":"Leaf crunching","description":"","category":"Street Vendors","audioUrl":"https://s3.us-west-004.backblazeb2.com/saigon-soundscape-audio/recordings/9ce90b7f-ce0f-43bc-a1f2-1adda2d1785a_10.818453_106.715629.mp3","imageUrl":"","duration":24.8,"createdAt":"2026-08-17T04:07:53.746Z"}},{"type":"Feature","geometry":{"type":"Point","coordinates":[106.714935,10.818362]},"properties":{"id":"1377fffd-3425-42eb-8a42-5a4f9376dc83","title":"Playground by the river","description":"","category":"Nature","audioUrl":"https://s3.us-west-004.backblazeb2.com/saigon-soundscape-audio/recordings/1377fffd-3425-42eb-8a42-5a4f9376dc83_10.818362_106.714935.mp3","imageUrl":"https://s3.us-west-004.backblazeb2.com/saigon-soundscape-audio/images/1377fffd-3425-42eb-8a42-5a4f9376dc83_10.818362_106.714935.jpg","duration":14.1,"createdAt":"2026-08-17T04:06:17.578Z"}},{"type":"Feature","geometry":{"type":"Point","coordinates":[106.714658,10.817931]},"properties":{"id":"8a333669-a86d-4911-92b0-6da87325088a","title":"Bird chirping and walking pavement","description":"","category":"Sidewalks","audioUrl":"https://s3.us-west-004.backblazeb2.com/saigon-soundscape-audio/recordings/8a333669-a86d-4911-92b0-6da87325088a_10.817931_106.714658.mp3","imageUrl":"","duration":16.9,"createdAt":"2026-08-17T04:05:37.026Z"}},{"type":"Feature","geometry":{"type":"Point","coordinates":[106.716595,10.8193]},"properties":{"id":"57b130c2-1eb9-4531-875a-4a844406edf1","title":"Marsupilami","description":"","category":"Nature","audioUrl":"https://s3.us-west-004.backblazeb2.com/saigon-soundscape-audio/recordings/57b130c2-1eb9-4531-875a-4a844406edf1_10.8193_106.716595.mp3","imageUrl":"https://s3.us-west-004.backblazeb2.com/saigon-soundscape-audio/images/57b130c2-1eb9-4531-875a-4a844406edf1_10.8193_106.716595.jpg","duration":47.8,"createdAt":"2026-08-17T04:04:47.132Z"}},{"type":"Feature","geometry":{"type":"Point","coordinates":[106.716595,10.8193]},"properties":{"id":"48337ef6-f55c-489e-a648-267508fb9be5","title":"Starting of walk music 🎶","description":"","category":"Music","audioUrl":"https://s3.us-west-004.backblazeb2.com/saigon-soundscape-audio/recordings/48337ef6-f55c-489e-a648-267508fb9be5_10.8193_106.716595.mp3","imageUrl":"https://s3.us-west-004.backblazeb2.com/saigon-soundscape-audio/images/48337ef6-f55c-489e-a648-267508fb9be5_10.8193_106.716595.jpg","duration":31.7,"createdAt":"2026-08-17T04:03:02.414Z"}},{"type":"Feature","geometry":{"type":"Point","coordinates":[106.716286,10.819196]},"properties":{"id":"e579b05c-ed56-4043-8ab6-1814cd1b5493","title":"Morning Watergate with Bolero remix","description":"Vietnamese Bolero remix mixed with Offcinegap intro","category":"Music","audioUrl":"https://s3.us-west-004.backblazeb2.com/saigon-soundscape-audio/recordings/e579b05c-ed56-4043-8ab6-1814cd1b5493_10.819196_106.716286.mp3","imageUrl":"","duration":22.3,"createdAt":"2026-08-17T03:51:07.311Z"}},{"type":"Feature","geometry":{"type":"Point","coordinates":[106.686434,10.799152]},"properties":{"id":"bfb69cea-7c83-4748-bee1-0bf970feeb66","title":"Man watching Video at Bún Chả Phố Cổ","description":"","category":"Food & Drink","audioUrl":"https://s3.us-west-004.backblazeb2.com/saigon-soundscape-audio/recordings/bfb69cea-7c83-4748-bee1-0bf970feeb66_10.799152_106.686434.mp3","imageUrl":"https://s3.us-west-004.backblazeb2.com/saigon-soundscape-audio/images/bfb69cea-7c83-4748-bee1-0bf970feeb66_10.799152_106.686434.jpg","duration":60.3,"createdAt":"2026-08-16T09:35:41.267Z"}},{"type":"Feature","geometry":{"type":"Point","coordinates":[106.700002,10.788114]},"properties":{"id":"3df16940-2841-48d7-8032-5e8375c79319","title":"Banh mi","description":"Hem16 \r\nBánh mì","category":"Announcements & Signals","audioUrl":"https://s3.us-west-004.backblazeb2.com/saigon-soundscape-audio/recordings/3df16940-2841-48d7-8032-5e8375c79319_10.788114_106.700002.mp3","imageUrl":"https://s3.us-west-004.backblazeb2.com/saigon-soundscape-audio/images/3df16940-2841-48d7-8032-5e8375c79319_10.788114_106.700002.jpg","duration":38.3,"createdAt":"2026-08-14T11:53:39.807Z"}},{"type":"Feature","geometry":{"type":"Point","coordinates":[106.699395,10.760663]},"properties":{"id":"79f438bd-d1f6-4180-a74f-09da7a921fae","title":"Motorbike brake noise during rain","description":"","category":"Vehicles","audioUrl":"https://s3.us-west-004.backblazeb2.com/saigon-soundscape-audio/recordings/79f438bd-d1f6-4180-a74f-09da7a921fae_10.760663_106.699395.mp3","imageUrl":"https://s3.us-west-004.backblazeb2.com/saigon-soundscape-audio/images/79f438bd-d1f6-4180-a74f-09da7a921fae_10.760663_106.699395.jpg","duration":67,"createdAt":"2026-08-11T11:17:38.896Z"}},{"type":"Feature","geometry":{"type":"Point","coordinates":[106.700067,10.76952]},"properties":{"id":"64db3d95-2dd4-425f-bd8b-27686a1ac987","title":"Karaoke 🎤 - cigarerette seller","description":"Pho duc chình","category":"Music","audioUrl":"https://s3.us-west-004.backblazeb2.com/saigon-soundscape-audio/recordings/64db3d95-2dd4-425f-bd8b-27686a1ac987_10.76952_106.700067.mp3","imageUrl":"https://s3.us-west-004.backblazeb2.com/saigon-soundscape-audio/images/64db3d95-2dd4-425f-bd8b-27686a1ac987_10.76952_106.700067.jpg","duration":83.6,"createdAt":"2026-08-08T13:58:05.893Z"}},{"type":"Feature","geometry":{"type":"Point","coordinates":[106.696467,10.768868]},"properties":{"id":"54e009a4-0369-4304-b1af-db744ae1a607","title":"NguyenKim","description":"Ceremony","category":"Music","audioUrl":"https://s3.us-west-004.backblazeb2.com/saigon-soundscape-audio/recordings/54e009a4-0369-4304-b1af-db744ae1a607_10.768868_106.696467.mp3","imageUrl":"https://s3.us-west-004.backblazeb2.com/saigon-soundscape-audio/images/54e009a4-0369-4304-b1af-db744ae1a607_10.768868_106.696467.jpg","duration":62,"createdAt":"2026-08-01T09:41:09.216Z"}},{"type":"Feature","geometry":{"type":"Point","coordinates":[106.660363,10.754517]},"properties":{"id":"28b150a8-ee0f-481f-99a8-9b1d1465b2eb","title":"Music in district 5","description":"","category":"Music","audioUrl":"https://s3.us-west-004.backblazeb2.com/saigon-soundscape-audio/recordings/28b150a8-ee0f-481f-99a8-9b1d1465b2eb_10.754517_106.660363.mp3","imageUrl":"https://s3.us-west-004.backblazeb2.com/saigon-soundscape-audio/images/28b150a8-ee0f-481f-99a8-9b1d1465b2eb_10.754517_106.660363.jpg","duration":90.2,"createdAt":"2026-07-26T11:40:13.140Z"}},{"type":"Feature","geometry":{"type":"Point","coordinates":[46.680767,24.687295]},"properties":{"id":"05c7a509-84ff-4ac7-82e2-ac244e4f33c0","title":"Dinner in Riyadh","description":"Bait Alhamam restaurant\r\nمطعم بيت الحمام","category":"Food & Drink","audioUrl":"https://s3.us-west-004.backblazeb2.com/saigon-soundscape-audio/recordings/05c7a509-84ff-4ac7-82e2-ac244e4f33c0_24.687295_46.680767.mp3","imageUrl":"https://s3.us-west-004.backblazeb2.com/saigon-soundscape-audio/images/05c7a509-84ff-4ac7-82e2-ac244e4f33c0_24.687295_46.680767.jpg","duration":32.7,"createdAt":"2026-07-25T20:32:57.335Z"}},{"type":"Feature","geometry":{"type":"Point","coordinates":[106.658338,10.754372]},"properties":{"id":"369ee321-c2ed-48fb-9b76-aa7421ac3e2a","title":"ngày mưa - Chợ Lớn","description":"","category":"Sidewalks","audioUrl":"https://s3.us-west-004.backblazeb2.com/saigon-soundscape-audio/recordings/369ee321-c2ed-48fb-9b76-aa7421ac3e2a_10.754372_106.658338.mp3","imageUrl":"https://s3.us-west-004.backblazeb2.com/saigon-soundscape-audio/images/369ee321-c2ed-48fb-9b76-aa7421ac3e2a_10.754372_106.658338.jpg","duration":89.8,"createdAt":"2026-07-25T10:31:40.127Z"}},{"type":"Feature","geometry":{"type":"Point","coordinates":[106.660133,10.753029]},"properties":{"id":"2fa28f5b-a745-4165-9226-087b792754fe","title":"Birds in district 5","description":"","category":"Nature","audioUrl":"https://s3.us-west-004.backblazeb2.com/saigon-soundscape-audio/recordings/2fa28f5b-a745-4165-9226-087b792754fe_10.753029_106.660133.mp3","imageUrl":"https://s3.us-west-004.backblazeb2.com/saigon-soundscape-audio/images/2fa28f5b-a745-4165-9226-087b792754fe_10.753029_106.660133.jpg","duration":72.4,"createdAt":"2026-07-25T10:01:19.217Z"}},{"type":"Feature","geometry":{"type":"Point","coordinates":[10.050358,45.806844]},"properties":{"id":"5fe3b090-d4c6-4164-808b-a754feb4e752","title":"Dog","description":"","category":"Home","audioUrl":"https://s3.us-west-004.backblazeb2.com/saigon-soundscape-audio/recordings/5fe3b090-d4c6-4164-808b-a754feb4e752_45.806844_10.050358.mp3","imageUrl":"https://s3.us-west-004.backblazeb2.com/saigon-soundscape-audio/images/5fe3b090-d4c6-4164-808b-a754feb4e752_45.806844_10.050358.jpg","duration":7.8,"createdAt":"2026-07-21T14:25:02.974Z"}},{"type":"Feature","geometry":{"type":"Point","coordinates":[36.303699,33.511098]},"properties":{"id":"46b3834d-d817-4102-a189-bf55ee30885f","title":"Bekdash Ice Cream Drum","description":"Traditional Syrian Ice Cream Drum","category":"Food & Drink","audioUrl":"https://s3.us-west-004.backblazeb2.com/saigon-soundscape-audio/recordings/46b3834d-d817-4102-a189-bf55ee30885f_33.511098_36.303699.mp3","imageUrl":"","duration":59.7,"createdAt":"2026-07-17T11:21:12.850Z"}},{"type":"Feature","geometry":{"type":"Point","coordinates":[6.123429,51.798374]},"properties":{"id":"f9cac3ec-95e6-4d38-8b7c-ffed1270dcf1","title":"German Bottle Festival Banging","description":"Water Bottle Banging on wood in German small festival","category":"Background","audioUrl":"https://s3.us-west-004.backblazeb2.com/saigon-soundscape-audio/recordings/f9cac3ec-95e6-4d38-8b7c-ffed1270dcf1_51.798374_6.123429.mp3","imageUrl":"","duration":72.9,"createdAt":"2026-07-09T14:59:53.882Z"}},{"type":"Feature","geometry":{"type":"Point","coordinates":[12.358198,45.435393]},"properties":{"id":"40384878-6bf1-48a3-bda8-5a072adfd2b1","title":"Cicadas - Biennale Venice","description":"","category":"Nature","audioUrl":"https://s3.us-west-004.backblazeb2.com/saigon-soundscape-audio/recordings/40384878-6bf1-48a3-bda8-5a072adfd2b1_45.435393_12.358198.mp3","imageUrl":"","duration":50.1,"createdAt":"2026-07-05T13:53:45.387Z"}},{"type":"Feature","geometry":{"type":"Point","coordinates":[105.816688,21.027847]},"properties":{"id":"75e22995-8849-492b-aee0-178970374c33","title":"Âm thanh Ba Đình","description":"Tương đối thoả mái","category":"Home","audioUrl":"https://s3.us-west-004.backblazeb2.com/saigon-soundscape-audio/recordings/75e22995-8849-492b-aee0-178970374c33_21.027847_105.816688.mp3","imageUrl":"","duration":4,"createdAt":"2026-06-28T01:10:47.378Z"}},{"type":"Feature","geometry":{"type":"Point","coordinates":[106.374212,10.216051]},"properties":{"id":"b63ef480-60ce-4924-82c2-a298fb0e8143","title":"ngồi giữa khu vườn ở Bến Tre","description":"","category":"Sidewalks","audioUrl":"https://s3.us-west-004.backblazeb2.com/saigon-soundscape-audio/recordings/b63ef480-60ce-4924-82c2-a298fb0e8143_10.216051_106.374212.mp3","imageUrl":"","duration":46.2,"createdAt":"2026-06-20T08:08:56.716Z"}},{"type":"Feature","geometry":{"type":"Point","coordinates":[106.652144,10.811909]},"properties":{"id":"3d2ec563-4b85-4f1c-a19a-4ae233d4760e","title":"Baby Cry","description":"Em bé khóc trên máy bay","category":"Street Vendors","audioUrl":"https://s3.us-west-004.backblazeb2.com/saigon-soundscape-audio/recordings/3d2ec563-4b85-4f1c-a19a-4ae233d4760e_10.811909_106.652144.mp3","imageUrl":"","duration":35.8,"createdAt":"2026-06-15T03:25:28.081Z"}},{"type":"Feature","geometry":{"type":"Point","coordinates":[106.692721,10.768635]},"properties":{"id":"1de8e000-eff6-4e74-9ce8-f8a9539e5f27","title":"Chơi đá cầu","description":"Một nhóm người lớn chơi đá cầu ở công viên","category":"Play & Leisure","audioUrl":"https://s3.us-west-004.backblazeb2.com/saigon-soundscape-audio/recordings/1de8e000-eff6-4e74-9ce8-f8a9539e5f27_10.768635_106.692721.mp3","imageUrl":"","duration":126.9,"createdAt":"2026-06-14T15:46:04.584Z"}},{"type":"Feature","geometry":{"type":"Point","coordinates":[106.694858,10.770107]},"properties":{"id":"0f2795f4-66f1-4d83-800e-48cdb976da0d","title":"Lớp nhảy công viên","description":"Một lớp nhảy được dẫn dắt bởi một người nước ngoài","category":"Play & Leisure","audioUrl":"https://s3.us-west-004.backblazeb2.com/saigon-soundscape-audio/recordings/0f2795f4-66f1-4d83-800e-48cdb976da0d_10.770107_106.694858.mp3","imageUrl":"","duration":162.4,"createdAt":"2026-06-14T15:44:04.831Z"}},{"type":"Feature","geometry":{"type":"Point","coordinates":[106.774262,10.723833]},"properties":{"id":"d3e6477f-e85c-4443-9034-c8765dae9f76","title":"the house nextdoor’s gate opening sound because my door went out of batery cannot go inside T-T","description":"the sound of tragedy","category":"Ritual & Ceremony","audioUrl":"https://s3.us-west-004.backblazeb2.com/saigon-soundscape-audio/recordings/d3e6477f-e85c-4443-9034-c8765dae9f76_10.723833_106.774262.mp3","imageUrl":"","duration":19.8,"createdAt":"2026-06-14T12:24:32.523Z"}},{"type":"Feature","geometry":{"type":"Point","coordinates":[106.698797,10.766696]},"properties":{"id":"a539ff1a-8a60-41ee-95dc-853bf4da565f","title":"Chung cư Nguyễn Thái Bình","description":"","category":"Home","audioUrl":"https://s3.us-west-004.backblazeb2.com/saigon-soundscape-audio/recordings/a539ff1a-8a60-41ee-95dc-853bf4da565f_10.766696_106.698797.mp3","imageUrl":"","duration":53.2,"createdAt":"2026-06-14T10:10:46.620Z"}},{"type":"Feature","geometry":{"type":"Point","coordinates":[106.697427,10.769313]},"properties":{"id":"39a8e36c-bd2a-48b1-8a8f-adfd9ea748a1","title":"From inside a Big Green Pot 64 le cong kiru","description":"Vibration, Potscape","category":"Sidewalks","audioUrl":"https://s3.us-west-004.backblazeb2.com/saigon-soundscape-audio/recordings/39a8e36c-bd2a-48b1-8a8f-adfd9ea748a1_10.769313_106.697427.mp3","imageUrl":"","duration":33.5,"createdAt":"2026-06-14T09:53:25.716Z"}},{"type":"Feature","geometry":{"type":"Point","coordinates":[106.696765,10.769256]},"properties":{"id":"8c8145b9-b132-4733-97f1-b47c49c7819c","title":"Bakery Aircon","description":"","category":"Food & Drink","audioUrl":"https://s3.us-west-004.backblazeb2.com/saigon-soundscape-audio/recordings/8c8145b9-b132-4733-97f1-b47c49c7819c_10.769256_106.696765.mp3","imageUrl":"","duration":49.5,"createdAt":"2026-06-14T09:51:50.130Z"}},{"type":"Feature","geometry":{"type":"Point","coordinates":[106.698553,10.769784]},"properties":{"id":"ea55b55c-67d5-46be-9f35-b3e52c282153","title":"Walking Through Saigon past an Industrial Site","description":"","category":"Infrastructure & Utilities","audioUrl":"https://s3.us-west-004.backblazeb2.com/saigon-soundscape-audio/recordings/ea55b55c-67d5-46be-9f35-b3e52c282153_10.769784_106.698553.mp3","imageUrl":"","duration":480.6,"createdAt":"2026-06-14T09:50:21.491Z"}},{"type":"Feature","geometry":{"type":"Point","coordinates":[106.702402,10.755847]},"properties":{"id":"0e8c506c-2836-4c6c-931a-b8b247524d54","title":"Khu rừng sống lại","description":"","category":"Background","audioUrl":"https://s3.us-west-004.backblazeb2.com/saigon-soundscape-audio/recordings/0e8c506c-2836-4c6c-931a-b8b247524d54_10.755847_106.702402.mp3","imageUrl":"","duration":37.6,"createdAt":"2026-06-14T09:49:30.072Z"}},{"type":"Feature","geometry":{"type":"Point","coordinates":[106.774262,10.723833]},"properties":{"id":"ccca71ea-6718-471c-a907-2677d50006aa","title":"gâu gâu","description":"","category":"Shops","audioUrl":"https://s3.us-west-004.backblazeb2.com/saigon-soundscape-audio/recordings/ccca71ea-6718-471c-a907-2677d50006aa_10.723833_106.774262.mp3","imageUrl":"","duration":91.6,"createdAt":"2026-06-14T09:47:25.504Z"}},{"type":"Feature","geometry":{"type":"Point","coordinates":[106.774262,10.723833]},"properties":{"id":"7d36f131-ccd6-4d08-a825-bd376b77e641","title":"tiếng cười hí hí session 2","description":"","category":"Sidewalks","audioUrl":"https://s3.us-west-004.backblazeb2.com/saigon-soundscape-audio/recordings/7d36f131-ccd6-4d08-a825-bd376b77e641_10.723833_106.774262.mp3","imageUrl":"","duration":11.2,"createdAt":"2026-06-14T09:44:18.827Z"}},{"type":"Feature","geometry":{"type":"Point","coordinates":[106.702402,10.755847]},"properties":{"id":"d9ea4bb7-2471-44f5-afac-150fbe9e962b","title":"Metro’s Ventilation and water cooling system","description":"","category":"Infrastructure & Utilities","audioUrl":"https://s3.us-west-004.backblazeb2.com/saigon-soundscape-audio/recordings/d9ea4bb7-2471-44f5-afac-150fbe9e962b_10.755847_106.702402.mp3","imageUrl":"","duration":48.8,"createdAt":"2026-06-14T09:42:48.568Z"}},{"type":"Feature","geometry":{"type":"Point","coordinates":[106.774262,10.723833]},"properties":{"id":"a5ed281f-fddd-48b2-8902-fd9ad8e2a48a","title":"bubu tập lái xe","description":"","category":"Vehicles","audioUrl":"https://s3.us-west-004.backblazeb2.com/saigon-soundscape-audio/recordings/a5ed281f-fddd-48b2-8902-fd9ad8e2a48a_10.723833_106.774262.mp3","imageUrl":"","duration":15.6,"createdAt":"2026-06-14T09:42:25.199Z"}},{"type":"Feature","geometry":{"type":"Point","coordinates":[106.697614,10.769729]},"properties":{"id":"9a3e9b9c-73ab-446b-88d3-25480f4e23d4","title":"Water gutter","description":"","category":"Waterways","audioUrl":"https://s3.us-west-004.backblazeb2.com/saigon-soundscape-audio/recordings/9a3e9b9c-73ab-446b-88d3-25480f4e23d4_10.769729_106.697614.mp3","imageUrl":"","duration":43.5,"createdAt":"2026-06-14T09:41:55.102Z"}},{"type":"Feature","geometry":{"type":"Point","coordinates":[106.69886,10.770713]},"properties":{"id":"c1390e1c-2609-44ff-8356-c08a1aeeeecd","title":"Dừng đèn đỏ","description":"","category":"Vehicles","audioUrl":"https://s3.us-west-004.backblazeb2.com/saigon-soundscape-audio/recordings/c1390e1c-2609-44ff-8356-c08a1aeeeecd_10.770713_106.69886.mp3","imageUrl":"","duration":108.7,"createdAt":"2026-06-14T09:41:39.970Z"}},{"type":"Feature","geometry":{"type":"Point","coordinates":[106.697499,10.76958]},"properties":{"id":"48be24d8-5a7a-45f8-a266-42c1ca353f44","title":"car engine","description":"","category":"Vehicles","audioUrl":"https://s3.us-west-004.backblazeb2.com/saigon-soundscape-audio/recordings/48be24d8-5a7a-45f8-a266-42c1ca353f44_10.76958_106.697499.mp3","imageUrl":"","duration":16.8,"createdAt":"2026-06-14T09:41:22.788Z"}},{"type":"Feature","geometry":{"type":"Point","coordinates":[106.774262,10.723833]},"properties":{"id":"97adf0bc-ecdc-42d6-86cc-0ae4a54b8e81","title":"quét vỉa hè","description":"","category":"Sidewalks","audioUrl":"https://s3.us-west-004.backblazeb2.com/saigon-soundscape-audio/recordings/97adf0bc-ecdc-42d6-86cc-0ae4a54b8e81_10.723833_106.774262.mp3","imageUrl":"","duration":11,"createdAt":"2026-06-14T09:41:01.713Z"}},{"type":"Feature","geometry":{"type":"Point","coordinates":[106.69758,10.769928]},"properties":{"id":"dcb9bb0a-44d4-4c86-a45f-5aff6a5dd220","title":"cơm gà hải nam","description":"","category":"Food & Drink","audioUrl":"https://s3.us-west-004.backblazeb2.com/saigon-soundscape-audio/recordings/dcb9bb0a-44d4-4c86-a45f-5aff6a5dd220_10.769928_106.69758.mp3","imageUrl":"","duration":14.7,"createdAt":"2026-06-14T09:40:13.389Z"}},{"type":"Feature","geometry":{"type":"Point","coordinates":[106.698505,10.771197]},"properties":{"id":"e73d9e61-f411-4f19-b0a1-59d75ff7f265","title":"walking around Bến Thành","description":"","category":"Sidewalks","audioUrl":"https://s3.us-west-004.backblazeb2.com/saigon-soundscape-audio/recordings/e73d9e61-f411-4f19-b0a1-59d75ff7f265_10.771197_106.698505.mp3","imageUrl":"","duration":233,"createdAt":"2026-06-14T09:39:58.721Z"}},{"type":"Feature","geometry":{"type":"Point","coordinates":[106.697586,10.770871]},"properties":{"id":"30255a85-2167-46d1-ae83-50a73e40e5ef","title":"glass bottle being pushed around","description":"","category":"Food & Drink","audioUrl":"https://s3.us-west-004.backblazeb2.com/saigon-soundscape-audio/recordings/30255a85-2167-46d1-ae83-50a73e40e5ef_10.770871_106.697586.mp3","imageUrl":"","duration":11.7,"createdAt":"2026-06-14T09:39:02.821Z"}},{"type":"Feature","geometry":{"type":"Point","coordinates":[106.702402,10.755847]},"properties":{"id":"bbeb798f-c446-41e1-a0b2-579a8dbdf1b7","title":"Birds chirping","description":"","category":"Nature","audioUrl":"https://s3.us-west-004.backblazeb2.com/saigon-soundscape-audio/recordings/bbeb798f-c446-41e1-a0b2-579a8dbdf1b7_10.755847_106.702402.mp3","imageUrl":"","duration":63.2,"createdAt":"2026-06-14T09:39:02.221Z"}},{"type":"Feature","geometry":{"type":"Point","coordinates":[106.774262,10.723833]},"properties":{"id":"60d6607d-71eb-42ed-8b18-6d4c83a75a43","title":"bồ câu","description":"","category":"Sidewalks","audioUrl":"https://s3.us-west-004.backblazeb2.com/saigon-soundscape-audio/recordings/60d6607d-71eb-42ed-8b18-6d4c83a75a43_10.723833_106.774262.mp3","imageUrl":"","duration":41.7,"createdAt":"2026-06-14T09:38:38.887Z"}},{"type":"Feature","geometry":{"type":"Point","coordinates":[106.69886,10.770713]},"properties":{"id":"4dd80295-db80-4a54-bcd5-53c0fd23ab4b","title":"Giữa quảng trường","description":"","category":"Sidewalks","audioUrl":"https://s3.us-west-004.backblazeb2.com/saigon-soundscape-audio/recordings/4dd80295-db80-4a54-bcd5-53c0fd23ab4b_10.770713_106.69886.mp3","imageUrl":"","duration":93.6,"createdAt":"2026-06-14T09:37:40.266Z"}},{"type":"Feature","geometry":{"type":"Point","coordinates":[106.702402,10.755847]},"properties":{"id":"3f8748d9-a0f7-4280-bff4-8edad3428523","title":"From a Park","description":"","category":"Nature","audioUrl":"https://s3.us-west-004.backblazeb2.com/saigon-soundscape-audio/recordings/3f8748d9-a0f7-4280-bff4-8edad3428523_10.755847_106.702402.mp3","imageUrl":"","duration":100,"createdAt":"2026-06-14T09:37:23.568Z"}},{"type":"Feature","geometry":{"type":"Point","coordinates":[106.698215,10.770608]},"properties":{"id":"6b81682f-de53-4ba6-8713-f19c8b0b2750","title":"Xe buýt ở Quận 1","description":"","category":"Vehicles","audioUrl":"https://s3.us-west-004.backblazeb2.com/saigon-soundscape-audio/recordings/6b81682f-de53-4ba6-8713-f19c8b0b2750_10.770608_106.698215.mp3","imageUrl":"","duration":24.2,"createdAt":"2026-06-14T09:35:27.628Z"}},{"type":"Feature","geometry":{"type":"Point","coordinates":[106.699345,10.769568]},"properties":{"id":"9002852f-b5a3-44ed-811e-c48599f0408a","title":"Điều hoà bảo tàng mỹ thuật","description":"Mát quáaaaa","category":"Street Vendors","audioUrl":"https://s3.us-west-004.backblazeb2.com/saigon-soundscape-audio/recordings/9002852f-b5a3-44ed-811e-c48599f0408a_10.769568_106.699345.mp3","imageUrl":"","duration":36.5,"createdAt":"2026-06-14T09:33:56.035Z"}},{"type":"Feature","geometry":{"type":"Point","coordinates":[106.697711,10.771143]},"properties":{"id":"4f7cdb0f-8664-46fa-97c9-13e276e5bfa0","title":"trying to record a guy practicing chạy vòng số 8","description":"","category":"Vehicles","audioUrl":"https://s3.us-west-004.backblazeb2.com/saigon-soundscape-audio/recordings/4f7cdb0f-8664-46fa-97c9-13e276e5bfa0_10.771143_106.697711.mp3","imageUrl":"","duration":22.3,"createdAt":"2026-06-14T09:33:39.627Z"}},{"type":"Feature","geometry":{"type":"Point","coordinates":[106.698596,10.768734]},"properties":{"id":"d73b0edb-abba-4c74-8cdf-ddf8188c0832","title":"Music from cafe","description":"","category":"Food & Drink","audioUrl":"https://s3.us-west-004.backblazeb2.com/saigon-soundscape-audio/recordings/d73b0edb-abba-4c74-8cdf-ddf8188c0832_10.768734_106.698596.mp3","imageUrl":"","duration":150.4,"createdAt":"2026-06-14T09:33:03.831Z"}},{"type":"Feature","geometry":{"type":"Point","coordinates":[106.774262,10.723833]},"properties":{"id":"823d3810-d3de-4735-b45a-45a91545f68a","title":"on photography (2 girls laughing on at a blurry picture)","description":"","category":"Conversations","audioUrl":"https://s3.us-west-004.backblazeb2.com/saigon-soundscape-audio/recordings/823d3810-d3de-4735-b45a-45a91545f68a_10.723833_106.774262.mp3","imageUrl":"","duration":7.8,"createdAt":"2026-06-14T09:32:53.131Z"}},{"type":"Feature","geometry":{"type":"Point","coordinates":[106.702402,10.755847]},"properties":{"id":"f038e2a2-d037-47ff-b252-12db9830bbf3","title":"Ben Thanh market","description":"","category":"Markets","audioUrl":"https://s3.us-west-004.backblazeb2.com/saigon-soundscape-audio/recordings/f038e2a2-d037-47ff-b252-12db9830bbf3_10.755847_106.702402.mp3","imageUrl":"","duration":86.7,"createdAt":"2026-06-14T09:31:40.165Z"}},{"type":"Feature","geometry":{"type":"Point","coordinates":[106.774262,10.723833]},"properties":{"id":"4f7e952d-4e0a-43ea-91c6-a93a74e970a9","title":"cơm sươn gần trạm","description":"","category":"Conversations","audioUrl":"https://s3.us-west-004.backblazeb2.com/saigon-soundscape-audio/recordings/4f7e952d-4e0a-43ea-91c6-a93a74e970a9_10.723833_106.774262.mp3","imageUrl":"","duration":8.5,"createdAt":"2026-06-14T09:30:52.392Z"}},{"type":"Feature","geometry":{"type":"Point","coordinates":[106.698949,10.768396]},"properties":{"id":"000952ac-a24a-411c-b621-520865309433","title":"Nước tràn mái nhà","description":"Dột rồi anh em ơii","category":"Sidewalks","audioUrl":"https://s3.us-west-004.backblazeb2.com/saigon-soundscape-audio/recordings/000952ac-a24a-411c-b621-520865309433_10.768396_106.698949.mp3","imageUrl":"","duration":35.3,"createdAt":"2026-06-14T09:28:41.523Z"}},{"type":"Feature","geometry":{"type":"Point","coordinates":[106.774262,10.723833]},"properties":{"id":"ade22264-1c91-4faa-8dc1-64fabb00f21d","title":"nails on metal 10x10cm","description":"","category":"Infrastructure & Utilities","audioUrl":"https://s3.us-west-004.backblazeb2.com/saigon-soundscape-audio/recordings/ade22264-1c91-4faa-8dc1-64fabb00f21d_10.723833_106.774262.mp3","imageUrl":"","duration":16.1,"createdAt":"2026-06-14T09:28:41.222Z"}},{"type":"Feature","geometry":{"type":"Point","coordinates":[106.699287,10.770375]},"properties":{"id":"a06d8b02-15bd-408d-8a41-be3063705b82","title":"Ăn hủ tíu","description":"","category":"Street Vendors","audioUrl":"https://s3.us-west-004.backblazeb2.com/saigon-soundscape-audio/recordings/a06d8b02-15bd-408d-8a41-be3063705b82_10.770375_106.699287.mp3","imageUrl":"","duration":298.5,"createdAt":"2026-06-14T09:28:18.216Z"}},{"type":"Feature","geometry":{"type":"Point","coordinates":[106.69848,10.768848]},"properties":{"id":"6895ae1c-e7b6-4a38-85d8-76ccf32efb6f","title":"Sidewalk","description":"","category":"Sidewalks","audioUrl":"https://s3.us-west-004.backblazeb2.com/saigon-soundscape-audio/recordings/6895ae1c-e7b6-4a38-85d8-76ccf32efb6f_10.768848_106.69848.mp3","imageUrl":"","duration":52.1,"createdAt":"2026-06-14T09:27:45.720Z"}},{"type":"Feature","geometry":{"type":"Point","coordinates":[106.774262,10.723833]},"properties":{"id":"86ad362b-51e8-4be3-aa65-356b7532072d","title":"madarin men but another phone","description":"","category":"Conversations","audioUrl":"https://s3.us-west-004.backblazeb2.com/saigon-soundscape-audio/recordings/86ad362b-51e8-4be3-aa65-356b7532072d_10.723833_106.774262.mp3","imageUrl":"","duration":25.7,"createdAt":"2026-06-14T09:26:45.977Z"}},{"type":"Feature","geometry":{"type":"Point","coordinates":[106.699367,10.771192]},"properties":{"id":"0ee4579e-f099-4044-b185-fc1f3f0ae7fb","title":"Mandarin men","description":"","category":"Conversations","audioUrl":"https://s3.us-west-004.backblazeb2.com/saigon-soundscape-audio/recordings/0ee4579e-f099-4044-b185-fc1f3f0ae7fb_10.771192_106.699367.mp3","imageUrl":"","duration":28.8,"createdAt":"2026-06-14T09:26:32.977Z"}},{"type":"Feature","geometry":{"type":"Point","coordinates":[106.702402,10.755847]},"properties":{"id":"51bf0f50-426c-43c2-9276-ca05c6af26bd","title":"From an Indian restaurant","description":"","category":"Food & Drink","audioUrl":"https://s3.us-west-004.backblazeb2.com/saigon-soundscape-audio/recordings/51bf0f50-426c-43c2-9276-ca05c6af26bd_10.755847_106.702402.mp3","imageUrl":"","duration":16.2,"createdAt":"2026-06-14T09:25:28.202Z"}},{"type":"Feature","geometry":{"type":"Point","coordinates":[106.698005,10.769341]},"properties":{"id":"a3953b09-5ae4-4655-bc3a-58db2954c5e8","title":"Béo quá","description":"Béo quá","category":"Sidewalks","audioUrl":"https://s3.us-west-004.backblazeb2.com/saigon-soundscape-audio/recordings/a3953b09-5ae4-4655-bc3a-58db2954c5e8_10.769341_106.698005.mp3","imageUrl":"","duration":95,"createdAt":"2026-06-14T09:24:25.484Z"}},{"type":"Feature","geometry":{"type":"Point","coordinates":[106.698975,10.770131]},"properties":{"id":"a2b2932d-c88e-4804-93a7-5baa809617a0","title":"Dogs barking","description":"","category":"Sidewalks","audioUrl":"https://s3.us-west-004.backblazeb2.com/saigon-soundscape-audio/recordings/a2b2932d-c88e-4804-93a7-5baa809617a0_10.770131_106.698975.mp3","imageUrl":"","duration":44.5,"createdAt":"2026-06-14T09:23:41.113Z"}},{"type":"Feature","geometry":{"type":"Point","coordinates":[106.682181,10.769852]},"properties":{"id":"7571a576-329d-4bde-9bac-52cafead8418","title":"Electric fan","description":"","category":"Shops","audioUrl":"https://s3.us-west-004.backblazeb2.com/saigon-soundscape-audio/recordings/7571a576-329d-4bde-9bac-52cafead8418_10.769852_106.682181.mp3","imageUrl":"","duration":22.6,"createdAt":"2026-06-14T09:22:32.048Z"}},{"type":"Feature","geometry":{"type":"Point","coordinates":[106.699238,10.770333]},"properties":{"id":"c11f1508-fbcb-4e4b-ad9d-827184c949a2","title":"a street food vendor on the pavement","description":"","category":"Street Vendors","audioUrl":"https://s3.us-west-004.backblazeb2.com/saigon-soundscape-audio/recordings/c11f1508-fbcb-4e4b-ad9d-827184c949a2_10.770333_106.699238.mp3","imageUrl":"","duration":146.6,"createdAt":"2026-06-14T09:22:21.875Z"}},{"type":"Feature","geometry":{"type":"Point","coordinates":[106.774262,10.723833]},"properties":{"id":"a050b0e1-deb2-4015-a309-4560d69ad03d","title":"chú xe ôm","description":"","category":"Music","audioUrl":"https://s3.us-west-004.backblazeb2.com/saigon-soundscape-audio/recordings/a050b0e1-deb2-4015-a309-4560d69ad03d_10.723833_106.774262.mp3","imageUrl":"","duration":28.8,"createdAt":"2026-06-14T09:22:21.329Z"}},{"type":"Feature","geometry":{"type":"Point","coordinates":[106.700893,10.770426]},"properties":{"id":"9df8e442-072c-4fa9-ae7b-24f9c179018c","title":"remix music","description":"","category":"Music","audioUrl":"https://s3.us-west-004.backblazeb2.com/saigon-soundscape-audio/recordings/9df8e442-072c-4fa9-ae7b-24f9c179018c_10.770426_106.700893.mp3","imageUrl":"","duration":42.2,"createdAt":"2026-06-14T09:22:20.019Z"}},{"type":"Feature","geometry":{"type":"Point","coordinates":[106.700226,10.770426]},"properties":{"id":"0be544a6-a2e5-4ff4-aa9b-5e91f0bce09e","title":"Bán bánh tết chuối","description":"","category":"Street Vendors","audioUrl":"https://s3.us-west-004.backblazeb2.com/saigon-soundscape-audio/recordings/0be544a6-a2e5-4ff4-aa9b-5e91f0bce09e_10.770426_106.700226.mp3","imageUrl":"","duration":37.2,"createdAt":"2026-06-14T09:21:59.822Z"}},{"type":"Feature","geometry":{"type":"Point","coordinates":[106.698457,10.770214]},"properties":{"id":"792916fc-4bb4-400d-921b-f4cb8f3fbfb0","title":"Car","description":"","category":"Vehicles","audioUrl":"https://s3.us-west-004.backblazeb2.com/saigon-soundscape-audio/recordings/792916fc-4bb4-400d-921b-f4cb8f3fbfb0_10.770214_106.698457.mp3","imageUrl":"","duration":52.1,"createdAt":"2026-06-14T09:21:29.240Z"}},{"type":"Feature","geometry":{"type":"Point","coordinates":[106.699287,10.770375]},"properties":{"id":"cdab4c71-8c1a-4060-ab8e-3af8f2b7e257","title":"Uống nước mía","description":"","category":"Street Vendors","audioUrl":"https://s3.us-west-004.backblazeb2.com/saigon-soundscape-audio/recordings/cdab4c71-8c1a-4060-ab8e-3af8f2b7e257_10.770375_106.699287.mp3","imageUrl":"","duration":119.8,"createdAt":"2026-06-14T09:21:18.094Z"}},{"type":"Feature","geometry":{"type":"Point","coordinates":[106.700668,10.7706]},"properties":{"id":"3e994d0f-f2a6-4fb9-9b2b-34d72179536f","title":"cleaning","description":"","category":"Sidewalks","audioUrl":"https://s3.us-west-004.backblazeb2.com/saigon-soundscape-audio/recordings/3e994d0f-f2a6-4fb9-9b2b-34d72179536f_10.7706_106.700668.mp3","imageUrl":"","duration":2.2,"createdAt":"2026-06-14T09:20:49.537Z"}},{"type":"Feature","geometry":{"type":"Point","coordinates":[106.774262,10.723833]},"properties":{"id":"b1beb33c-475c-4adb-b810-a98549143a6e","title":"cửa hàng đồ mỹ nghệ","description":"","category":"Shops","audioUrl":"https://s3.us-west-004.backblazeb2.com/saigon-soundscape-audio/recordings/b1beb33c-475c-4adb-b810-a98549143a6e_10.723833_106.774262.mp3","imageUrl":"","duration":168,"createdAt":"2026-06-14T09:20:27.623Z"}},{"type":"Feature","geometry":{"type":"Point","coordinates":[106.70006,10.770427]},"properties":{"id":"885bbe79-2cd7-405c-904e-f56a18ffade7","title":"bird sound","description":"","category":"Nature","audioUrl":"https://s3.us-west-004.backblazeb2.com/saigon-soundscape-audio/recordings/885bbe79-2cd7-405c-904e-f56a18ffade7_10.770427_106.70006.mp3","imageUrl":"","duration":22.4,"createdAt":"2026-06-14T09:19:10.930Z"}},{"type":"Feature","geometry":{"type":"Point","coordinates":[106.699215,10.770379]},"properties":{"id":"36075066-4fb1-49d2-a3b5-036c2c3151f1","title":"a street food vendor on the pavement","description":"","category":"Street Vendors","audioUrl":"https://s3.us-west-004.backblazeb2.com/saigon-soundscape-audio/recordings/36075066-4fb1-49d2-a3b5-036c2c3151f1_10.770379_106.699215.mp3","imageUrl":"","duration":147.4,"createdAt":"2026-06-14T09:18:39.047Z"}},{"type":"Feature","geometry":{"type":"Point","coordinates":[106.698711,10.770329]},"properties":{"id":"461eab67-5fab-449a-a5c4-4853e7f467e4","title":"Masterise Công trường","description":"Đập đập đập","category":"Street Vendors","audioUrl":"https://s3.us-west-004.backblazeb2.com/saigon-soundscape-audio/recordings/461eab67-5fab-449a-a5c4-4853e7f467e4_10.770329_106.698711.mp3","imageUrl":"","duration":22,"createdAt":"2026-06-14T09:17:42.749Z"}},{"type":"Feature","geometry":{"type":"Point","coordinates":[106.700135,10.770437]},"properties":{"id":"2394c80e-a52b-4578-9264-0859589458d1","title":"nói chuyện bên vỉa hè góc kia","description":"","category":"Conversations","audioUrl":"https://s3.us-west-004.backblazeb2.com/saigon-soundscape-audio/recordings/2394c80e-a52b-4578-9264-0859589458d1_10.770437_106.700135.mp3","imageUrl":"","duration":29.7,"createdAt":"2026-06-14T09:17:16.866Z"}},{"type":"Feature","geometry":{"type":"Point","coordinates":[106.689625,10.767671]},"properties":{"id":"a616bb40-5aa6-42c3-8c5e-093bee7a83e9","title":"Old telephone","description":"","category":"Infrastructure & Utilities","audioUrl":"https://s3.us-west-004.backblazeb2.com/saigon-soundscape-audio/recordings/a616bb40-5aa6-42c3-8c5e-093bee7a83e9_10.767671_106.689625.mp3","imageUrl":"","duration":24.3,"createdAt":"2026-06-14T09:14:53.870Z"}},{"type":"Feature","geometry":{"type":"Point","coordinates":[106.699338,10.770262]},"properties":{"id":"e55e37ac-b1f6-41f9-86fd-51790a40b4df","title":"Talking","description":"","category":"Conversations","audioUrl":"https://s3.us-west-004.backblazeb2.com/saigon-soundscape-audio/recordings/e55e37ac-b1f6-41f9-86fd-51790a40b4df_10.770262_106.699338.mp3","imageUrl":"","duration":45,"createdAt":"2026-06-14T09:14:36.536Z"}},{"type":"Feature","geometry":{"type":"Point","coordinates":[106.69806,10.770212]},"properties":{"id":"f05f2d12-bc84-4f3f-962c-5bcdbb4b7004","title":"Jewelry and antiques vendor","description":"","category":"Street Vendors","audioUrl":"https://s3.us-west-004.backblazeb2.com/saigon-soundscape-audio/recordings/f05f2d12-bc84-4f3f-962c-5bcdbb4b7004_10.770212_106.69806.mp3","imageUrl":"","duration":45.3,"createdAt":"2026-06-14T09:14:03.643Z"}},{"type":"Feature","geometry":{"type":"Point","coordinates":[106.699437,10.770407]},"properties":{"id":"fde57eab-4829-4e23-a1eb-077b455f5da9","title":"on the pavement","description":"walking around in the construction area","category":"Sidewalks","audioUrl":"https://s3.us-west-004.backblazeb2.com/saigon-soundscape-audio/recordings/fde57eab-4829-4e23-a1eb-077b455f5da9_10.770407_106.699437.mp3","imageUrl":"","duration":52.3,"createdAt":"2026-06-14T09:12:16.637Z"}},{"type":"Feature","geometry":{"type":"Point","coordinates":[106.689625,10.767671]},"properties":{"id":"7d98efb2-d24d-43f8-89ad-a04a4a5c8b09","title":"Drillling","description":"","category":"Repairing","audioUrl":"https://s3.us-west-004.backblazeb2.com/saigon-soundscape-audio/recordings/7d98efb2-d24d-43f8-89ad-a04a4a5c8b09_10.767671_106.689625.mp3","imageUrl":"","duration":37.4,"createdAt":"2026-06-14T09:11:11.839Z"}},{"type":"Feature","geometry":{"type":"Point","coordinates":[106.699368,10.770091]},"properties":{"id":"c1964d2f-9824-427b-84b4-7c5423d11c29","title":"on the pavement","description":"walking around in a construction area","category":"Sidewalks","audioUrl":"https://s3.us-west-004.backblazeb2.com/saigon-soundscape-audio/recordings/c1964d2f-9824-427b-84b4-7c5423d11c29_10.770091_106.699368.mp3","imageUrl":"","duration":62.1,"createdAt":"2026-06-14T09:10:18.921Z"}},{"type":"Feature","geometry":{"type":"Point","coordinates":[106.702402,10.755847]},"properties":{"id":"c6c20e18-b35b-4e3a-94c0-23c25dfabf6c","title":"Vespa sound","description":"","category":"Vehicles","audioUrl":"https://s3.us-west-004.backblazeb2.com/saigon-soundscape-audio/recordings/c6c20e18-b35b-4e3a-94c0-23c25dfabf6c_10.755847_106.702402.mp3","imageUrl":"","duration":18.7,"createdAt":"2026-06-14T09:09:47.637Z"}},{"type":"Feature","geometry":{"type":"Point","coordinates":[106.699195,10.770433]},"properties":{"id":"d42b6171-60c1-4602-9859-55277c822864","title":"Construction","description":"","category":"Background","audioUrl":"https://s3.us-west-004.backblazeb2.com/saigon-soundscape-audio/recordings/d42b6171-60c1-4602-9859-55277c822864_10.770433_106.699195.mp3","imageUrl":"","duration":44.4,"createdAt":"2026-06-14T09:09:15.490Z"}},{"type":"Feature","geometry":{"type":"Point","coordinates":[106.774262,10.723833]},"properties":{"id":"1dee35e0-47f7-4b20-848f-7ca6287707a5","title":"Construct","description":"","category":"Sidewalks","audioUrl":"https://s3.us-west-004.backblazeb2.com/saigon-soundscape-audio/recordings/1dee35e0-47f7-4b20-848f-7ca6287707a5_10.723833_106.774262.mp3","imageUrl":"","duration":19.9,"createdAt":"2026-06-14T09:08:56.643Z"}},{"type":"Feature","geometry":{"type":"Point","coordinates":[106.697612,10.769743]},"properties":{"id":"be231ce6-d155-420f-919d-3df5e01a5a8b","title":"94 nguyễn thái bình","description":"","category":"Street Vendors","audioUrl":"https://s3.us-west-004.backblazeb2.com/saigon-soundscape-audio/recordings/be231ce6-d155-420f-919d-3df5e01a5a8b_10.769743_106.697612.mp3","imageUrl":"","duration":40.3,"createdAt":"2026-06-14T09:08:50.661Z"}},{"type":"Feature","geometry":{"type":"Point","coordinates":[106.774262,10.723833]},"properties":{"id":"a5280bab-035e-495c-badf-ff4a3fc2bf83","title":"attempt 2 on construction site","description":"","category":"Sidewalks","audioUrl":"https://s3.us-west-004.backblazeb2.com/saigon-soundscape-audio/recordings/a5280bab-035e-495c-badf-ff4a3fc2bf83_10.723833_106.774262.mp3","imageUrl":"","duration":19.7,"createdAt":"2026-06-14T09:07:30.236Z"}},{"type":"Feature","geometry":{"type":"Point","coordinates":[106.698642,10.769994]},"properties":{"id":"dc75743b-6c3d-4095-b2c3-c231be3d173c","title":"on the pavement","description":"walking around in a construction area","category":"Sidewalks","audioUrl":"https://s3.us-west-004.backblazeb2.com/saigon-soundscape-audio/recordings/dc75743b-6c3d-4095-b2c3-c231be3d173c_10.769994_106.698642.mp3","imageUrl":"","duration":33.6,"createdAt":"2026-06-14T09:06:33.502Z"}},{"type":"Feature","geometry":{"type":"Point","coordinates":[106.689625,10.767671]},"properties":{"id":"29ed7fe8-1b90-46e6-8f0d-8f1928ab17f1","title":"Xin thu ghi âm tiếng","description":"Talking sounds","category":"Street Vendors","audioUrl":"https://s3.us-west-004.backblazeb2.com/saigon-soundscape-audio/recordings/29ed7fe8-1b90-46e6-8f0d-8f1928ab17f1_10.767671_106.689625.mp3","imageUrl":"","duration":20.5,"createdAt":"2026-06-14T09:06:02.242Z"}},{"type":"Feature","geometry":{"type":"Point","coordinates":[106.69806,10.770212]},"properties":{"id":"b53fbc16-6417-49c5-bcb1-edefe794fda2","title":"Talking, driving, walking","description":"","category":"Sidewalks","audioUrl":"https://s3.us-west-004.backblazeb2.com/saigon-soundscape-audio/recordings/b53fbc16-6417-49c5-bcb1-edefe794fda2_10.770212_106.69806.mp3","imageUrl":"","duration":21.9,"createdAt":"2026-06-14T09:04:36.022Z"}},{"type":"Feature","geometry":{"type":"Point","coordinates":[106.702402,10.755847]},"properties":{"id":"c624acff-3ec0-417b-88f7-dd99e4f2e9af","title":"Earphones doing soundwalk by themselves","description":"","category":"Play & Leisure","audioUrl":"https://s3.us-west-004.backblazeb2.com/saigon-soundscape-audio/recordings/c624acff-3ec0-417b-88f7-dd99e4f2e9af_10.755847_106.702402.mp3","imageUrl":"","duration":73,"createdAt":"2026-06-14T09:04:28.535Z"}},{"type":"Feature","geometry":{"type":"Point","coordinates":[106.698312,10.769799]},"properties":{"id":"78e962ee-be6a-4d84-ba1f-6695df73c1f5","title":"Chatting","description":"","category":"Conversations","audioUrl":"https://s3.us-west-004.backblazeb2.com/saigon-soundscape-audio/recordings/78e962ee-be6a-4d84-ba1f-6695df73c1f5_10.769799_106.698312.mp3","imageUrl":"","duration":26.7,"createdAt":"2026-06-14T09:04:12.630Z"}},{"type":"Feature","geometry":{"type":"Point","coordinates":[106.774262,10.723833]},"properties":{"id":"a154b1b4-d7fb-463f-82ff-f7c3a76ee7cf","title":"failed attempt to record the construction","description":"","category":"Sidewalks","audioUrl":"https://s3.us-west-004.backblazeb2.com/saigon-soundscape-audio/recordings/a154b1b4-d7fb-463f-82ff-f7c3a76ee7cf_10.723833_106.774262.mp3","imageUrl":"","duration":14.3,"createdAt":"2026-06-14T09:04:01.704Z"}},{"type":"Feature","geometry":{"type":"Point","coordinates":[106.698126,10.769267]},"properties":{"id":"ec7a18e7-85b5-433a-b952-5e7f90b73cef","title":"on the pavement","description":"stepping around","category":"Sidewalks","audioUrl":"https://s3.us-west-004.backblazeb2.com/saigon-soundscape-audio/recordings/ec7a18e7-85b5-433a-b952-5e7f90b73cef_10.769267_106.698126.mp3","imageUrl":"","duration":37,"createdAt":"2026-06-14T09:03:14.885Z"}},{"type":"Feature","geometry":{"type":"Point","coordinates":[106.774262,10.723833]},"properties":{"id":"99b4db5d-e158-442c-878d-7722d85a40b8","title":"shells","description":"","category":"Background","audioUrl":"https://s3.us-west-004.backblazeb2.com/saigon-soundscape-audio/recordings/99b4db5d-e158-442c-878d-7722d85a40b8_10.723833_106.774262.mp3","imageUrl":"","duration":7.3,"createdAt":"2026-06-14T09:01:57.858Z"}},{"type":"Feature","geometry":{"type":"Point","coordinates":[106.697561,10.769713]},"properties":{"id":"10ef2e08-4f86-4b87-8c2f-26b7beb557b5","title":"On the pavement","description":"Standing on a pavement, in front of a construction site at 4:00pm","category":"Sidewalks","audioUrl":"https://s3.us-west-004.backblazeb2.com/saigon-soundscape-audio/recordings/10ef2e08-4f86-4b87-8c2f-26b7beb557b5_10.769713_106.697561.mp3","imageUrl":"","duration":42,"createdAt":"2026-06-14T09:01:02.481Z"}},{"type":"Feature","geometry":{"type":"Point","coordinates":[106.702926,10.760025]},"properties":{"id":"11d800e4-d13c-492d-8f78-91a59c712f69","title":"Headphones dropping/ scratching on concrete surface","description":"Sounds tickling","category":"Play & Leisure","audioUrl":"https://s3.us-west-004.backblazeb2.com/saigon-soundscape-audio/recordings/11d800e4-d13c-492d-8f78-91a59c712f69_10.760025_106.702926.mp3","imageUrl":"","duration":16.4,"createdAt":"2026-06-14T08:57:08.526Z"}},{"type":"Feature","geometry":{"type":"Point","coordinates":[106.697612,10.769743]},"properties":{"id":"19abcc5c-dbaa-4864-bf05-88b71545736d","title":"Mọi người đi xuống cầu thang","description":"Mọi người đi xuống cầu thang","category":"Home","audioUrl":"https://s3.us-west-004.backblazeb2.com/saigon-soundscape-audio/recordings/19abcc5c-dbaa-4864-bf05-88b71545736d_10.769743_106.697612.mp3","imageUrl":"","duration":32.8,"createdAt":"2026-06-14T08:51:30.469Z"}},{"type":"Feature","geometry":{"type":"Point","coordinates":[106.697582,10.769677]},"properties":{"id":"28613806-01b1-4bfa-81b9-fd5d060affeb","title":"Sound Map Introduction","description":"Afra is introducing the Saigon Sound Map at Rare Sea","category":"Conversations","audioUrl":"https://s3.us-west-004.backblazeb2.com/saigon-soundscape-audio/recordings/28613806-01b1-4bfa-81b9-fd5d060affeb_10.769677_106.697582.mp3","imageUrl":"","duration":36.9,"createdAt":"2026-06-14T08:46:31.450Z"}},{"type":"Feature","geometry":{"type":"Point","coordinates":[106.705099,10.772889]},"properties":{"id":"eed8aa1b-f024-48c8-88e7-33040456649c","title":"tiếng cười hí hí lúc mọi người luyên thuyên","description":"","category":"Conversations","audioUrl":"https://s3.us-west-004.backblazeb2.com/saigon-soundscape-audio/recordings/eed8aa1b-f024-48c8-88e7-33040456649c_10.772889_106.705099.mp3","imageUrl":"","duration":34,"createdAt":"2026-06-14T07:46:16.542Z"}},{"type":"Feature","geometry":{"type":"Point","coordinates":[106.723109,10.804913]},"properties":{"id":"6b4e9089-1e44-43b0-a2a8-32167f937213","title":"Chattings at Rare Sea","description":"","category":"Conversations","audioUrl":"https://s3.us-west-004.backblazeb2.com/saigon-soundscape-audio/recordings/6b4e9089-1e44-43b0-a2a8-32167f937213_10.804913_106.723109.mp3","imageUrl":"","duration":21,"createdAt":"2026-06-14T07:45:18.832Z"}},{"type":"Feature","geometry":{"type":"Point","coordinates":[106.671907,10.766049]},"properties":{"id":"0514a477-4fdf-4de7-b94f-7da5d644ed24","title":"Âm nhạc ngày lễ Phật Đản 2026","description":"Âm nhạc từ một đoàn tham gia rước Phật vào tối ngày lễ Phật Đản","category":"Music","audioUrl":"https://s3.us-west-004.backblazeb2.com/saigon-soundscape-audio/recordings/0514a477-4fdf-4de7-b94f-7da5d644ed24_10.766049_106.671907.mp3","imageUrl":"","duration":59.5,"createdAt":"2026-06-14T06:39:11.166Z"}},{"type":"Feature","geometry":{"type":"Point","coordinates":[106.702497,10.836271]},"properties":{"id":"827d378c-e7fb-4da3-989d-df8fde631949","title":"Mưa rồi","description":"","category":"Nature","audioUrl":"https://s3.us-west-004.backblazeb2.com/saigon-soundscape-audio/recordings/827d378c-e7fb-4da3-989d-df8fde631949_10.836271_106.702497.mp3","imageUrl":"","duration":52.3,"createdAt":"2026-06-13T07:40:12.204Z"}},{"type":"Feature","geometry":{"type":"Point","coordinates":[106.701911,10.836473]},"properties":{"id":"ae2760c5-0efb-448c-b126-d84d12069f22","title":"Airplane","description":"","category":"Vehicles","audioUrl":"https://s3.us-west-004.backblazeb2.com/saigon-soundscape-audio/recordings/ae2760c5-0efb-448c-b126-d84d12069f22_10.836473_106.701911.mp3","imageUrl":"","duration":23.2,"createdAt":"2026-06-13T07:34:10.834Z"}},{"type":"Feature","geometry":{"type":"Point","coordinates":[106.702507,10.83596]},"properties":{"id":"1a0607ce-d27d-47a1-b9e1-06a84ad1a0f0","title":"Fan","description":"Fan and weird sound","category":"Home","audioUrl":"https://s3.us-west-004.backblazeb2.com/saigon-soundscape-audio/recordings/1a0607ce-d27d-47a1-b9e1-06a84ad1a0f0_10.83596_106.702507.mp3","imageUrl":"","duration":36.2,"createdAt":"2026-06-13T02:28:26.507Z"}},{"type":"Feature","geometry":{"type":"Point","coordinates":[106.720832,10.816602]},"properties":{"id":"832f8e03-86c1-4d0c-a90b-8cbd4004ca8d","title":"Grocery Shop (Ground) - Thanh Đa Market","description":"","category":"Street Vendors","audioUrl":"https://s3.us-west-004.backblazeb2.com/saigon-soundscape-audio/recordings/832f8e03-86c1-4d0c-a90b-8cbd4004ca8d_10.816602_106.720832.mp3","imageUrl":"","duration":46.4,"createdAt":"2026-06-12T04:17:17.805Z"}},{"type":"Feature","geometry":{"type":"Point","coordinates":[106.72084,10.816606]},"properties":{"id":"3aa33413-c331-4219-a699-db081166ebbd","title":"Thrift Shop - Thanh Đa Market","description":"","category":"Markets","audioUrl":"https://s3.us-west-004.backblazeb2.com/saigon-soundscape-audio/recordings/3aa33413-c331-4219-a699-db081166ebbd_10.816606_106.72084.mp3","imageUrl":"","duration":38.7,"createdAt":"2026-06-12T04:12:35.713Z"}},{"type":"Feature","geometry":{"type":"Point","coordinates":[106.720834,10.816604]},"properties":{"id":"e45c8891-bb9c-49db-807f-40eb753faff1","title":"Baby Shop Songs","description":"","category":"Music","audioUrl":"https://s3.us-west-004.backblazeb2.com/saigon-soundscape-audio/recordings/e45c8891-bb9c-49db-807f-40eb753faff1_10.816604_106.720834.mp3","imageUrl":"","duration":18.5,"createdAt":"2026-06-12T04:08:57.132Z"}},{"type":"Feature","geometry":{"type":"Point","coordinates":[106.67981,10.766901]},"properties":{"id":"4ef5d23a-60ed-42a8-89e5-b31d290b7608","title":"Cheo Leo, Wednesday, 5:30pm","description":"","category":"Food & Drink","audioUrl":"https://s3.us-west-004.backblazeb2.com/saigon-soundscape-audio/recordings/4ef5d23a-60ed-42a8-89e5-b31d290b7608_10.766901_106.67981.mp3","imageUrl":"","duration":71.4,"createdAt":"2026-06-10T10:33:50.104Z"}},{"type":"Feature","geometry":{"type":"Point","coordinates":[106.692542,10.757448]},"properties":{"id":"3951df01-4d8b-4f94-bad0-9c6511fb2d0b","title":"mùa mưa","description":"mùa mưa - Saigon","category":"Nature","audioUrl":"https://s3.us-west-004.backblazeb2.com/saigon-soundscape-audio/recordings/3951df01-4d8b-4f94-bad0-9c6511fb2d0b_10.757448_106.692542.mp3","imageUrl":"","duration":53.9,"createdAt":"2026-05-25T09:46:27.709Z"}},{"type":"Feature","geometry":{"type":"Point","coordinates":[106.709187,10.727391]},"properties":{"id":"46b74187-93e2-4514-b7cc-1c8b7d6a4fc9","title":"Belgometronica Ambiance  Q.7 @ 18:00","description":"Afternoon Lounge & Electronica Music — †./","category":"Food & Drink","audioUrl":"https://s3.us-west-004.backblazeb2.com/saigon-soundscape-audio/recordings/46b74187-93e2-4514-b7cc-1c8b7d6a4fc9_10.727391_106.709187.mp3","imageUrl":"","duration":273,"createdAt":"2026-05-21T11:04:05.447Z"}},{"type":"Feature","geometry":{"type":"Point","coordinates":[106.698387,10.759892]},"properties":{"id":"e0d12f96-5601-435f-a494-f93f5332f00f","title":"Belgomotronica","description":"Spatial Audience & Electronica Lounge in Quan 7 - 17:47PM","category":"Food & Drink","audioUrl":"https://s3.us-west-004.backblazeb2.com/saigon-soundscape-audio/recordings/e0d12f96-5601-435f-a494-f93f5332f00f_10.759892_106.698387.mp3","imageUrl":"","duration":138.4,"createdAt":"2026-05-21T10:47:46.468Z"}},{"type":"Feature","geometry":{"type":"Point","coordinates":[106.698387,10.759892]},"properties":{"id":"af796ee0-1d4a-4176-a870-eb9834733dc8","title":"Afternoon Lounge & Electronica Music","description":"audience,music playlist","category":"Food & Drink","audioUrl":"https://s3.us-west-004.backblazeb2.com/saigon-soundscape-audio/recordings/af796ee0-1d4a-4176-a870-eb9834733dc8_10.759892_106.698387.mp3","imageUrl":"","duration":81.8,"createdAt":"2026-05-21T10:44:09.306Z"}},{"type":"Feature","geometry":{"type":"Point","coordinates":[106.663053,10.764574]},"properties":{"id":"6865fbbe-f77f-4396-8b27-d866391c7dae","title":"music","description":"","category":"Music","audioUrl":"https://s3.us-west-004.backblazeb2.com/saigon-soundscape-audio/recordings/6865fbbe-f77f-4396-8b27-d866391c7dae_10.764574_106.663053.mp3","imageUrl":"","duration":45.3,"createdAt":"2026-05-09T11:33:42.554Z"}},{"type":"Feature","geometry":{"type":"Point","coordinates":[106.659005,10.761799]},"properties":{"id":"07f6fd48-8ee6-4039-a175-c5689452aa87","title":"Bánh Bao Đây","description":"","category":"Street Vendors","audioUrl":"https://s3.us-west-004.backblazeb2.com/saigon-soundscape-audio/recordings/07f6fd48-8ee6-4039-a175-c5689452aa87_10.761799_106.659005.mp3","imageUrl":"","duration":70.4,"createdAt":"2026-05-09T11:33:42.107Z"}},{"type":"Feature","geometry":{"type":"Point","coordinates":[106.702714,10.758146]},"properties":{"id":"fc3d9aaf-9408-404a-bc2f-0c6f0b6bfa14","title":"Conversations from a house","description":"","category":"Conversations","audioUrl":"https://s3.us-west-004.backblazeb2.com/saigon-soundscape-audio/recordings/fc3d9aaf-9408-404a-bc2f-0c6f0b6bfa14_10.758146_106.702714.mp3","imageUrl":"","duration":36.4,"createdAt":"2026-05-06T09:31:27.585Z"}},{"type":"Feature","geometry":{"type":"Point","coordinates":[106.35822,10.271178]},"properties":{"id":"c07c9fc2-5289-4b12-ac70-be9c0f584cfd","title":"Selling Durian","description":"Selling Durian on side walk","category":"Markets","audioUrl":"https://s3.us-west-004.backblazeb2.com/saigon-soundscape-audio/recordings/c07c9fc2-5289-4b12-ac70-be9c0f584cfd_10.271178_106.35822.mp3","imageUrl":"","duration":32.5,"createdAt":"2026-05-03T11:56:01.583Z"}},{"type":"Feature","geometry":{"type":"Point","coordinates":[106.398348,10.224563]},"properties":{"id":"f345cfcd-ae91-47ee-8ca8-737de22a2c60","title":"Karaoke at home","description":"Karaoke 16:16 mekong delta","category":"Music","audioUrl":"https://s3.us-west-004.backblazeb2.com/saigon-soundscape-audio/recordings/f345cfcd-ae91-47ee-8ca8-737de22a2c60_10.224563_106.398348.mp3","imageUrl":"","duration":37.3,"createdAt":"2026-05-03T09:17:22.724Z"}},{"type":"Feature","geometry":{"type":"Point","coordinates":[106.399579,10.224086]},"properties":{"id":"32f523f1-6315-43b9-9beb-744cd34f4224","title":"Home music - mekong delta 16:10 - Vạn Nẻo Đường Trần","description":"Late afternoon In Mekong Delta bài hát","category":"Music","audioUrl":"https://s3.us-west-004.backblazeb2.com/saigon-soundscape-audio/recordings/32f523f1-6315-43b9-9beb-744cd34f4224_10.224086_106.399579.mp3","imageUrl":"","duration":84.4,"createdAt":"2026-05-03T09:12:08.218Z"}},{"type":"Feature","geometry":{"type":"Point","coordinates":[106.398953,10.224342]},"properties":{"id":"ea092db0-f658-4c07-8a33-26a02dcc10d3","title":"Woman opening coconut 🥥","description":"Coconut 🥥 🌴","category":"Work","audioUrl":"https://s3.us-west-004.backblazeb2.com/saigon-soundscape-audio/recordings/ea092db0-f658-4c07-8a33-26a02dcc10d3_10.224342_106.398953.mp3","imageUrl":"","duration":17.6,"createdAt":"2026-05-03T09:08:42.170Z"}},{"type":"Feature","geometry":{"type":"Point","coordinates":[106.398188,10.224639]},"properties":{"id":"dfa828b6-f871-4b0a-88f2-5df4c92442c9","title":"Mekong Delta - Home","description":"Hai Mùa mưa","category":"Music","audioUrl":"https://s3.us-west-004.backblazeb2.com/saigon-soundscape-audio/recordings/dfa828b6-f871-4b0a-88f2-5df4c92442c9_10.224639_106.398188.mp3","imageUrl":"","duration":87.2,"createdAt":"2026-05-03T09:07:05.713Z"}},{"type":"Feature","geometry":{"type":"Point","coordinates":[106.368618,10.232978]},"properties":{"id":"e34f9d80-523a-4af0-a36e-5af66d763d71","title":"Floating restaurant Ben Tre","description":"Ben Tre","category":"Waterways","audioUrl":"https://s3.us-west-004.backblazeb2.com/saigon-soundscape-audio/recordings/e34f9d80-523a-4af0-a36e-5af66d763d71_10.232978_106.368618.mp3","imageUrl":"","duration":21.8,"createdAt":"2026-05-02T03:17:00.745Z"}},{"type":"Feature","geometry":{"type":"Point","coordinates":[106.393503,10.221076]},"properties":{"id":"62b94b51-af1a-445a-9e72-174043157f93","title":"Water ben tre","description":"Water","category":"Waterways","audioUrl":"https://s3.us-west-004.backblazeb2.com/saigon-soundscape-audio/recordings/62b94b51-af1a-445a-9e72-174043157f93_10.221076_106.393503.mp3","imageUrl":"","duration":72.3,"createdAt":"2026-05-02T01:46:02.972Z"}},{"type":"Feature","geometry":{"type":"Point","coordinates":[106.394139,10.220727]},"properties":{"id":"2e3cd930-61d2-4743-817f-89c9ee02e1d7","title":"Ben Tre","description":"Forest","category":"Nature","audioUrl":"https://s3.us-west-004.backblazeb2.com/saigon-soundscape-audio/recordings/2e3cd930-61d2-4743-817f-89c9ee02e1d7_10.220727_106.394139.mp3","imageUrl":"","duration":44.9,"createdAt":"2026-05-01T14:21:35.871Z"}},{"type":"Feature","geometry":{"type":"Point","coordinates":[106.377251,10.152069]},"properties":{"id":"197b65ca-32e9-4e3e-af98-8e589b532391","title":"Waiting the boat","description":"Waiting boat","category":"Waterways","audioUrl":"https://s3.us-west-004.backblazeb2.com/saigon-soundscape-audio/recordings/197b65ca-32e9-4e3e-af98-8e589b532391_10.152069_106.377251.mp3","imageUrl":"","duration":39.6,"createdAt":"2026-05-01T10:07:54.902Z"}},{"type":"Feature","geometry":{"type":"Point","coordinates":[106.70427,10.773319]},"properties":{"id":"6b4b0eab-fd2b-481e-bd09-0197b2e35705","title":"Square","description":"Sound ecology","category":"Sidewalks","audioUrl":"https://s3.us-west-004.backblazeb2.com/saigon-soundscape-audio/recordings/6b4b0eab-fd2b-481e-bd09-0197b2e35705_10.773319_106.70427.mp3","imageUrl":"","duration":40.7,"createdAt":"2026-04-30T09:05:11.423Z"}},{"type":"Feature","geometry":{"type":"Point","coordinates":[106.691901,10.757009]},"properties":{"id":"c0998294-dad1-4d38-a3cf-64608311e209","title":"Side walk 2pm","description":"Side walk","category":"Sidewalks","audioUrl":"https://s3.us-west-004.backblazeb2.com/saigon-soundscape-audio/recordings/c0998294-dad1-4d38-a3cf-64608311e209_10.757009_106.691901.mp3","imageUrl":"","duration":24.3,"createdAt":"2026-04-30T06:41:50.682Z"}},{"type":"Feature","geometry":{"type":"Point","coordinates":[106.701868,10.758577]},"properties":{"id":"f56ea0d1-c2fd-403d-b1cb-cb6a9164f051","title":"Music and conversation","description":"","category":"Conversations","audioUrl":"https://s3.us-west-004.backblazeb2.com/saigon-soundscape-audio/recordings/f56ea0d1-c2fd-403d-b1cb-cb6a9164f051_10.758577_106.701868.mp3","imageUrl":"","duration":22.5,"createdAt":"2026-04-20T12:19:34.589Z"}},{"type":"Feature","geometry":{"type":"Point","coordinates":[106.704773,10.760925]},"properties":{"id":"dde68f3c-4715-4d11-a017-f11829d7dddd","title":"Motorbikes and conversation","description":"","category":"Sidewalks","audioUrl":"https://s3.us-west-004.backblazeb2.com/saigon-soundscape-audio/recordings/dde68f3c-4715-4d11-a017-f11829d7dddd_10.760925_106.704773.mp3","imageUrl":"","duration":19.9,"createdAt":"2026-04-20T12:19:34.486Z"}},{"type":"Feature","geometry":{"type":"Point","coordinates":[106.697742,10.757371]},"properties":{"id":"ddbf9d1a-1698-49c4-8d92-c259c7b7820c","title":"Walk in the park & distant music","description":"","category":"Play & Leisure","audioUrl":"https://s3.us-west-004.backblazeb2.com/saigon-soundscape-audio/recordings/ddbf9d1a-1698-49c4-8d92-c259c7b7820c_10.757371_106.697742.mp3","imageUrl":"","duration":51.5,"createdAt":"2026-04-20T12:19:34.451Z"}},{"type":"Feature","geometry":{"type":"Point","coordinates":[106.702314,10.758095]},"properties":{"id":"d9f49181-93c7-464c-a222-e4a58bb3b988","title":"Music from a house","description":"","category":"Music","audioUrl":"https://s3.us-west-004.backblazeb2.com/saigon-soundscape-audio/recordings/d9f49181-93c7-464c-a222-e4a58bb3b988_10.758095_106.702314.mp3","imageUrl":"","duration":39.9,"createdAt":"2026-04-20T12:19:34.417Z"}},{"type":"Feature","geometry":{"type":"Point","coordinates":[106.699536,10.757836]},"properties":{"id":"d640c704-cb5b-4752-b74e-008a96e618e8","title":"Distant chatter","description":"","category":"Background","audioUrl":"https://s3.us-west-004.backblazeb2.com/saigon-soundscape-audio/recordings/d640c704-cb5b-4752-b74e-008a96e618e8_10.757836_106.699536.mp3","imageUrl":"","duration":16.4,"createdAt":"2026-04-20T12:19:34.385Z"}},{"type":"Feature","geometry":{"type":"Point","coordinates":[106.698279,10.757259]},"properties":{"id":"d2445ec8-aa36-4b70-9962-e58b1774dda9","title":"Water irrigation system","description":"","category":"Infrastructure & Utilities","audioUrl":"https://s3.us-west-004.backblazeb2.com/saigon-soundscape-audio/recordings/d2445ec8-aa36-4b70-9962-e58b1774dda9_10.757259_106.698279.mp3","imageUrl":"","duration":28.4,"createdAt":"2026-04-20T12:19:34.339Z"}},{"type":"Feature","geometry":{"type":"Point","coordinates":[106.705625,10.76031]},"properties":{"id":"c8451196-cf36-429b-ae02-adddfce52438","title":"Motorbikes, birds chirping, and dog barking","description":"","category":"Vehicles","audioUrl":"https://s3.us-west-004.backblazeb2.com/saigon-soundscape-audio/recordings/c8451196-cf36-429b-ae02-adddfce52438_10.76031_106.705625.mp3","imageUrl":"","duration":30.9,"createdAt":"2026-04-20T12:19:34.307Z"}},{"type":"Feature","geometry":{"type":"Point","coordinates":[106.701895,10.758619]},"properties":{"id":"c72650b1-e200-412b-8436-33d722849ace","title":"Background","description":"","category":"Background","audioUrl":"https://s3.us-west-004.backblazeb2.com/saigon-soundscape-audio/recordings/c72650b1-e200-412b-8436-33d722849ace_10.758619_106.701895.mp3","imageUrl":"","duration":29.8,"createdAt":"2026-04-20T12:19:34.274Z"}},{"type":"Feature","geometry":{"type":"Point","coordinates":[105.760696,10.297349]},"properties":{"id":"c3c08a79-b049-4a6c-b2b2-610768f82e45","title":"Cicadas and Crickets","description":"","category":"Nature","audioUrl":"https://s3.us-west-004.backblazeb2.com/saigon-soundscape-audio/recordings/c3c08a79-b049-4a6c-b2b2-610768f82e45_10.297349_105.760696.mp3","imageUrl":"","duration":19.1,"createdAt":"2026-04-20T12:19:34.209Z"}},{"type":"Feature","geometry":{"type":"Point","coordinates":[106.702386,10.758837]},"properties":{"id":"c3744253-304b-401a-979d-1bd8d1f4518b","title":"Background chatter & Street","description":"","category":"Background","audioUrl":"https://s3.us-west-004.backblazeb2.com/saigon-soundscape-audio/recordings/c3744253-304b-401a-979d-1bd8d1f4518b_10.758837_106.702386.mp3","imageUrl":"","duration":60.8,"createdAt":"2026-04-20T12:19:34.176Z"}},{"type":"Feature","geometry":{"type":"Point","coordinates":[106.699027,10.758237]},"properties":{"id":"bf1187b5-40c9-455b-a8e9-f04cd7467b63","title":"Conversation with father","description":"","category":"Conversations","audioUrl":"https://s3.us-west-004.backblazeb2.com/saigon-soundscape-audio/recordings/bf1187b5-40c9-455b-a8e9-f04cd7467b63_10.758237_106.699027.mp3","imageUrl":"","duration":21.4,"createdAt":"2026-04-20T12:19:34.143Z"}},{"type":"Feature","geometry":{"type":"Point","coordinates":[106.700708,10.758106]},"properties":{"id":"ae4afc1a-c07d-4b83-8bf4-c77cb3c8ea4e","title":"Music from house","description":"","category":"Music","audioUrl":"https://s3.us-west-004.backblazeb2.com/saigon-soundscape-audio/recordings/ae4afc1a-c07d-4b83-8bf4-c77cb3c8ea4e_10.758106_106.700708.mp3","imageUrl":"","duration":30.8,"createdAt":"2026-04-20T12:19:34.111Z"}},{"type":"Feature","geometry":{"type":"Point","coordinates":[106.699576,10.758375]},"properties":{"id":"ad74e6f7-2d4a-47d2-997c-0b07524e611e","title":"Conversation with family","description":"","category":"Conversations","audioUrl":"https://s3.us-west-004.backblazeb2.com/saigon-soundscape-audio/recordings/ad74e6f7-2d4a-47d2-997c-0b07524e611e_10.758375_106.699576.mp3","imageUrl":"","duration":25.1,"createdAt":"2026-04-20T12:19:34.079Z"}},{"type":"Feature","geometry":{"type":"Point","coordinates":[106.699905,10.758062]},"properties":{"id":"ac19da49-ac5f-4b89-90c3-0a4ef4ab2c90","title":"Street","description":"","category":"Vehicles","audioUrl":"https://s3.us-west-004.backblazeb2.com/saigon-soundscape-audio/recordings/ac19da49-ac5f-4b89-90c3-0a4ef4ab2c90_10.758062_106.699905.mp3","imageUrl":"","duration":25.2,"createdAt":"2026-04-20T12:19:34.047Z"}},{"type":"Feature","geometry":{"type":"Point","coordinates":[106.701449,10.758201]},"properties":{"id":"a7f0367e-1853-4213-9aa7-fd6bbfad4263","title":"Music","description":"","category":"Music","audioUrl":"https://s3.us-west-004.backblazeb2.com/saigon-soundscape-audio/recordings/a7f0367e-1853-4213-9aa7-fd6bbfad4263_10.758201_106.701449.mp3","imageUrl":"","duration":51.6,"createdAt":"2026-04-20T12:19:34.010Z"}},{"type":"Feature","geometry":{"type":"Point","coordinates":[106.701838,10.758991]},"properties":{"id":"a3e39161-3ad0-4042-895a-24a682ac4ac2","title":"Chanting from Chùa Giác Nguyên","description":"","category":"Ritual & Ceremony","audioUrl":"https://s3.us-west-004.backblazeb2.com/saigon-soundscape-audio/recordings/a3e39161-3ad0-4042-895a-24a682ac4ac2_10.758991_106.701838.mp3","imageUrl":"","duration":5.1,"createdAt":"2026-04-20T12:19:33.964Z"}},{"type":"Feature","geometry":{"type":"Point","coordinates":[106.698419,10.757139]},"properties":{"id":"9e7c53d1-e34a-4461-a63a-2c2d47ecd00c","title":"Playing in the park","description":"","category":"Music","audioUrl":"https://s3.us-west-004.backblazeb2.com/saigon-soundscape-audio/recordings/9e7c53d1-e34a-4461-a63a-2c2d47ecd00c_10.757139_106.698419.mp3","imageUrl":"","duration":28.1,"createdAt":"2026-04-20T12:19:33.930Z"}},{"type":"Feature","geometry":{"type":"Point","coordinates":[106.700475,10.758069]},"properties":{"id":"9acb6b48-1dda-4528-a3da-30c42ff60d0b","title":"Music from house","description":"","category":"Music","audioUrl":"https://s3.us-west-004.backblazeb2.com/saigon-soundscape-audio/recordings/9acb6b48-1dda-4528-a3da-30c42ff60d0b_10.758069_106.700475.mp3","imageUrl":"","duration":20.1,"createdAt":"2026-04-20T12:19:33.897Z"}},{"type":"Feature","geometry":{"type":"Point","coordinates":[106.703223,10.757241]},"properties":{"id":"9abbf8a5-5464-40d8-b871-bf7c16d3c273","title":"Distant chatter & cat","description":"","category":"Background","audioUrl":"https://s3.us-west-004.backblazeb2.com/saigon-soundscape-audio/recordings/9abbf8a5-5464-40d8-b871-bf7c16d3c273_10.757241_106.703223.mp3","imageUrl":"","duration":22.4,"createdAt":"2026-04-20T12:19:33.863Z"}},{"type":"Feature","geometry":{"type":"Point","coordinates":[106.698487,10.757978]},"properties":{"id":"6a792943-e47e-4f2d-ace7-c408a5d9afbf","title":"Kids with their parents","description":"","category":"Play & Leisure","audioUrl":"https://s3.us-west-004.backblazeb2.com/saigon-soundscape-audio/recordings/6a792943-e47e-4f2d-ace7-c408a5d9afbf_10.757978_106.698487.mp3","imageUrl":"","duration":32.7,"createdAt":"2026-04-20T12:19:33.783Z"}},{"type":"Feature","geometry":{"type":"Point","coordinates":[106.699557,10.757755]},"properties":{"id":"576108f1-b32a-4de0-9b2b-56bc8df09219","title":"Kids playing & parents","description":"","category":"Conversations","audioUrl":"https://s3.us-west-004.backblazeb2.com/saigon-soundscape-audio/recordings/576108f1-b32a-4de0-9b2b-56bc8df09219_10.757755_106.699557.mp3","imageUrl":"","duration":23.8,"createdAt":"2026-04-20T12:19:33.715Z"}},{"type":"Feature","geometry":{"type":"Point","coordinates":[106.702153,10.757905]},"properties":{"id":"3f06917b-09be-4889-ac2b-567c2111b905","title":"Motorbike engine and bird","description":"","category":"Vehicles","audioUrl":"https://s3.us-west-004.backblazeb2.com/saigon-soundscape-audio/recordings/3f06917b-09be-4889-ac2b-567c2111b905_10.757905_106.702153.mp3","imageUrl":"","duration":22.5,"createdAt":"2026-04-20T12:19:33.682Z"}},{"type":"Feature","geometry":{"type":"Point","coordinates":[105.759192,10.297488]},"properties":{"id":"3cecaee5-64b8-492d-8b3c-7cad2e611957","title":"Music from a house","description":"","category":"Music","audioUrl":"https://s3.us-west-004.backblazeb2.com/saigon-soundscape-audio/recordings/3cecaee5-64b8-492d-8b3c-7cad2e611957_10.297488_105.759192.mp3","imageUrl":"","duration":24.4,"createdAt":"2026-04-20T12:19:33.649Z"}},{"type":"Feature","geometry":{"type":"Point","coordinates":[106.701836,10.758474]},"properties":{"id":"3c6c69fc-31f8-4988-bd5d-2a889ae005a3","title":"Conversations and TV","description":"","category":"Conversations","audioUrl":"https://s3.us-west-004.backblazeb2.com/saigon-soundscape-audio/recordings/3c6c69fc-31f8-4988-bd5d-2a889ae005a3_10.758474_106.701836.mp3","imageUrl":"","duration":23.9,"createdAt":"2026-04-20T12:19:33.604Z"}},{"type":"Feature","geometry":{"type":"Point","coordinates":[106.701726,10.761162]},"properties":{"id":"3b6bcd59-ed2f-4b16-85cb-ecc3280b0ca3","title":"Honking and street","description":"","category":"Background","audioUrl":"https://s3.us-west-004.backblazeb2.com/saigon-soundscape-audio/recordings/3b6bcd59-ed2f-4b16-85cb-ecc3280b0ca3_10.761162_106.701726.mp3","imageUrl":"","duration":21.4,"createdAt":"2026-04-20T12:19:33.570Z"}},{"type":"Feature","geometry":{"type":"Point","coordinates":[106.705684,10.76027]},"properties":{"id":"31f9d7f2-ab09-4551-94eb-6a287f316269","title":"Karaoke","description":"","category":"Music","audioUrl":"https://s3.us-west-004.backblazeb2.com/saigon-soundscape-audio/recordings/31f9d7f2-ab09-4551-94eb-6a287f316269_10.76027_106.705684.mp3","imageUrl":"","duration":25.6,"createdAt":"2026-04-20T12:19:33.535Z"}},{"type":"Feature","geometry":{"type":"Point","coordinates":[106.699654,10.758141]},"properties":{"id":"241cc2d6-0cfa-4513-8752-3ff07f7b2ee5","title":"Conversation with family","description":"","category":"Conversations","audioUrl":"https://s3.us-west-004.backblazeb2.com/saigon-soundscape-audio/recordings/241cc2d6-0cfa-4513-8752-3ff07f7b2ee5_10.758141_106.699654.mp3","imageUrl":"","duration":21.3,"createdAt":"2026-04-20T12:19:33.451Z"}},{"type":"Feature","geometry":{"type":"Point","coordinates":[106.700703,10.757629]},"properties":{"id":"192b24d3-c211-43dc-ae0c-27a41602d0e2","title":"Dog barking","description":"","category":"Background","audioUrl":"https://s3.us-west-004.backblazeb2.com/saigon-soundscape-audio/recordings/192b24d3-c211-43dc-ae0c-27a41602d0e2_10.757629_106.700703.mp3","imageUrl":"","duration":12.5,"createdAt":"2026-04-20T12:19:33.415Z"}},{"type":"Feature","geometry":{"type":"Point","coordinates":[106.7034,10.791997]},"properties":{"id":"118253b4-fda9-4a75-be74-956e21ce7927","title":"Music from house","description":"","category":"Music","audioUrl":"https://s3.us-west-004.backblazeb2.com/saigon-soundscape-audio/recordings/118253b4-fda9-4a75-be74-956e21ce7927_10.791997_106.7034.mp3","imageUrl":"","duration":23.8,"createdAt":"2026-04-20T12:19:33.380Z"}},{"type":"Feature","geometry":{"type":"Point","coordinates":[106.701624,10.758543]},"properties":{"id":"0c291ad4-5768-43b0-b142-bef342a14ae5","title":"Chanting and recitation Chùa","description":"","category":"Ritual & Ceremony","audioUrl":"https://s3.us-west-004.backblazeb2.com/saigon-soundscape-audio/recordings/0c291ad4-5768-43b0-b142-bef342a14ae5_10.758543_106.701624.mp3","imageUrl":"","duration":46.2,"createdAt":"2026-04-20T12:19:33.345Z"}},{"type":"Feature","geometry":{"type":"Point","coordinates":[106.700252,10.758214]},"properties":{"id":"06c63767-d9bb-4c15-a16f-7a787fb7d8ed","title":"Distant chatter & street","description":"","category":"Background","audioUrl":"https://s3.us-west-004.backblazeb2.com/saigon-soundscape-audio/recordings/06c63767-d9bb-4c15-a16f-7a787fb7d8ed_10.758214_106.700252.mp3","imageUrl":"","duration":30.3,"createdAt":"2026-04-20T12:19:33.308Z"}},{"type":"Feature","geometry":{"type":"Point","coordinates":[106.701814,10.758575]},"properties":{"id":"063f558e-2257-43e9-ae8e-f70e9205b5dc","title":"Television inside a house","description":"","category":"Background","audioUrl":"https://s3.us-west-004.backblazeb2.com/saigon-soundscape-audio/recordings/063f558e-2257-43e9-ae8e-f70e9205b5dc_10.758575_106.701814.mp3","imageUrl":"","duration":26,"createdAt":"2026-04-20T12:19:33.262Z"}},{"type":"Feature","geometry":{"type":"Point","coordinates":[106.701611,10.757358]},"properties":{"id":"03582f00-0b1e-44d9-a996-28b09ca304b1","title":"Street","description":"","category":"Vehicles","audioUrl":"https://s3.us-west-004.backblazeb2.com/saigon-soundscape-audio/recordings/03582f00-0b1e-44d9-a996-28b09ca304b1_10.757358_106.701611.mp3","imageUrl":"","duration":22.6,"createdAt":"2026-04-20T12:19:33.226Z"}},{"type":"Feature","geometry":{"type":"Point","coordinates":[106.697968,10.757526]},"properties":{"id":"0306a2ed-ad0f-4692-965c-f87d60a565b6","title":"Playing at the park","description":"","category":"Play & Leisure","audioUrl":"https://s3.us-west-004.backblazeb2.com/saigon-soundscape-audio/recordings/0306a2ed-ad0f-4692-965c-f87d60a565b6_10.757526_106.697968.mp3","imageUrl":"","duration":36.8,"createdAt":"2026-04-20T12:19:33.180Z"}},{"type":"Feature","geometry":{"type":"Point","coordinates":[106.698252,10.757502]},"properties":{"id":"00149669-105f-4a0b-9ef8-29ee23f1e9aa","title":"Kids playing on the swing at the park","description":"","category":"Play & Leisure","audioUrl":"https://s3.us-west-004.backblazeb2.com/saigon-soundscape-audio/recordings/00149669-105f-4a0b-9ef8-29ee23f1e9aa_10.757502_106.698252.mp3","imageUrl":"","duration":23.3,"createdAt":"2026-04-20T12:19:33.130Z"}},{"type":"Feature","geometry":{"type":"Point","coordinates":[106.686013,10.770846]},"properties":{"id":"5487c2f5-753a-490e-a86b-4704e1e1d874","title":"Steel sound & motornibe","description":"","category":"Background","audioUrl":"https://s3.us-west-004.backblazeb2.com/saigon-soundscape-audio/recordings/5487c2f5-753a-490e-a86b-4704e1e1d874_10.770846_106.686013.mp3","imageUrl":"","duration":20.8,"createdAt":"2025-03-28T07:19:17.502Z"}},{"type":"Feature","geometry":{"type":"Point","coordinates":[106.699737,10.779261]},"properties":{"id":"f6fd31a9-af83-43de-8aee-68d3b1797ddc","title":"Kids playing","description":"","category":"Play & Leisure","audioUrl":"https://s3.us-west-004.backblazeb2.com/saigon-soundscape-audio/recordings/f6fd31a9-af83-43de-8aee-68d3b1797ddc_10.779261_106.699737.mp3","imageUrl":"","duration":60.4,"createdAt":"2025-03-28T06:33:50.953Z"}},{"type":"Feature","geometry":{"type":"Point","coordinates":[106.69465,10.758721]},"properties":{"id":"b87c2d4b-56c4-40e4-a286-60a7c6a839fb","title":"Music from house","description":"","category":"Music","audioUrl":"https://s3.us-west-004.backblazeb2.com/saigon-soundscape-audio/recordings/b87c2d4b-56c4-40e4-a286-60a7c6a839fb_10.758721_106.69465.mp3","imageUrl":"","duration":51.5,"createdAt":"2025-03-28T06:33:50.813Z"}},{"type":"Feature","geometry":{"type":"Point","coordinates":[106.701581,10.775952]},"properties":{"id":"50867631-e1dd-4f05-a7cd-430fa92da8cb","title":"Frogs & children","description":"","category":"Play & Leisure","audioUrl":"https://s3.us-west-004.backblazeb2.com/saigon-soundscape-audio/recordings/50867631-e1dd-4f05-a7cd-430fa92da8cb_10.775952_106.701581.mp3","imageUrl":"","duration":18.2,"createdAt":"2025-03-28T06:33:50.595Z"}},{"type":"Feature","geometry":{"type":"Point","coordinates":[106.700653,10.758145]},"properties":{"id":"3c63e60c-18df-4f1c-91e0-340b582b8de7","title":"Music from house & dog","description":"","category":"Music","audioUrl":"https://s3.us-west-004.backblazeb2.com/saigon-soundscape-audio/recordings/3c63e60c-18df-4f1c-91e0-340b582b8de7_10.758145_106.700653.mp3","imageUrl":"","duration":44.2,"createdAt":"2025-03-28T06:33:50.456Z"}},{"type":"Feature","geometry":{"type":"Point","coordinates":[106.685975,10.770809]},"properties":{"id":"310637e5-a245-4662-bf15-6cd4e3b7d223","title":"Background Noise","description":"","category":"Background","audioUrl":"https://s3.us-west-004.backblazeb2.com/saigon-soundscape-audio/recordings/310637e5-a245-4662-bf15-6cd4e3b7d223_10.770809_106.685975.mp3","imageUrl":"","duration":27.8,"createdAt":"2025-03-28T06:33:50.302Z"}}]}